,user_id,event_time_last,country,device,signup_date,signup_day,signup_month,signup_year,Number_of_days_played
0,1,2024-09-05,CA,iOS,2024-08-15,15,8,2024,21
1,3,2024-09-17,JP,Android,2024-04-26,26,4,2024,144
2,4,2024-09-04,VN,Android,2024-02-24,24,2,2024,193
3,5,2024-07-31,CA,Android,2024-04-02,2,4,2024,120
4,6,2024-08-29,CA,PC,2024-04-25,25,4,2024,126
5,7,2024-08-27,VN,iOS,2024-01-07,7,1,2024,233
6,8,2024-09-10,IN,Android,2024-01-18,18,1,2024,236
7,9,2024-09-15,VN,Android,2024-08-14,14,8,2024,32
8,11,2024-09-12,VN,PC,2024-01-25,25,1,2024,231
9,12,2024-08-22,JP,Android,2024-06-25,25,6,2024,58
10,13,2024-09-12,US,iOS,2024-09-13,13,9,2024,-1
11,14,2024-06-29,IN,PC,2024-01-18,18,1,2024,163
12,15,2024-09-21,US,PC,2024-05-22,22,5,2024,122
13,16,2024-09-12,VN,iOS,2024-04-28,28,4,2024,137
14,17,2024-07-11,JP,PC,2024-08-26,26,8,2024,-46
15,18,2024-06-22,VN,iOS,2024-03-17,17,3,2024,97
16,19,2024-08-25,CA,Android,2024-09-25,25,9,2024,-31
17,20,2024-09-30,VN,iOS,2024-09-04,4,9,2024,26
18,21,2024-08-27,US,PC,2024-08-18,18,8,2024,9
19,22,2024-09-12,IN,PC,2024-07-20,20,7,2024,54
20,23,2024-07-23,US,PC,2024-07-18,18,7,2024,5
21,24,2024-09-21,JP,iOS,2024-04-03,3,4,2024,171
22,25,2024-09-21,IN,iOS,2024-04-14,14,4,2024,160
23,26,2024-08-25,IN,iOS,2024-05-22,22,5,2024,95
24,27,2024-09-01,US,Android,2024-06-11,11,6,2024,82
25,29,2024-04-16,US,PC,2024-08-19,19,8,2024,-125
26,30,2024-09-12,US,PC,2024-07-10,10,7,2024,64
27,31,2024-09-12,US,iOS,2024-05-24,24,5,2024,111
28,32,2024-09-24,US,PC,2024-08-31,31,8,2024,24
29,33,2024-09-28,US,iOS,2024-01-07,7,1,2024,265
30,34,2024-09-21,US,PC,2024-09-29,29,9,2024,-8
31,35,2024-09-27,US,Android,2024-05-13,13,5,2024,137
32,36,2024-08-16,CA,PC,2024-07-12,12,7,2024,35
33,38,2024-09-21,IN,PC,2024-04-03,3,4,2024,171
34,39,2024-08-07,JP,iOS,2024-06-19,19,6,2024,49
35,40,2024-08-06,CA,PC,2024-01-08,8,1,2024,211
36,41,2024-08-22,CA,PC,2024-09-27,27,9,2024,-36
37,42,2024-08-29,US,iOS,2024-05-26,26,5,2024,95
38,43,2024-04-21,US,PC,2024-07-28,28,7,2024,-98
39,46,2024-09-20,IN,Android,2024-09-06,6,9,2024,14
40,47,2024-09-07,IN,Android,2024-06-23,23,6,2024,76
41,48,2024-08-29,US,Android,2024-09-04,4,9,2024,-6
42,49,2024-09-23,VN,Android,2024-07-20,20,7,2024,65
43,50,2024-09-18,CA,PC,2024-01-28,28,1,2024,234
44,51,2024-09-29,VN,iOS,2024-06-01,1,6,2024,120
45,52,2024-09-27,VN,Android,2024-06-18,18,6,2024,101
46,53,2024-09-25,JP,PC,2024-09-18,18,9,2024,7
47,54,2024-09-02,US,Android,2024-04-23,23,4,2024,132
48,55,2024-09-29,VN,iOS,2024-05-14,14,5,2024,138
49,56,2024-08-30,CA,PC,2024-08-26,26,8,2024,4
50,57,2024-09-15,JP,Android,2024-07-04,4,7,2024,73
51,58,2024-09-21,VN,iOS,2024-08-02,2,8,2024,50
52,59,2024-08-18,JP,Android,2024-01-30,30,1,2024,201
53,60,2024-09-17,CA,PC,2024-06-12,12,6,2024,97
54,61,2024-09-25,VN,iOS,2024-04-15,15,4,2024,163
55,63,2024-08-01,IN,iOS,2024-09-24,24,9,2024,-54
56,64,2024-09-29,VN,iOS,2024-04-19,19,4,2024,163
57,65,2024-09-11,US,Android,2024-08-30,30,8,2024,12
58,66,2024-09-22,US,Android,2024-08-02,2,8,2024,51
59,67,2024-09-13,US,Android,2024-08-07,7,8,2024,37
60,69,2024-09-17,CA,iOS,2024-07-02,2,7,2024,77
61,70,2024-09-26,JP,PC,2024-07-27,27,7,2024,61
62,71,2024-04-11,US,Android,2024-08-14,14,8,2024,-125
63,72,2024-07-22,JP,iOS,2024-05-25,25,5,2024,58
64,73,2024-08-31,JP,Android,2024-08-14,14,8,2024,17
65,74,2024-06-06,US,iOS,2024-08-13,13,8,2024,-68
66,75,2024-07-21,US,Android,2024-01-24,24,1,2024,179
67,77,2024-09-30,JP,Android,2024-04-13,13,4,2024,170
68,78,2024-09-25,US,PC,2024-05-30,30,5,2024,118
69,79,2024-09-21,US,iOS,2024-05-04,4,5,2024,140
70,80,2024-09-20,JP,PC,2024-04-28,28,4,2024,145
71,81,2024-08-26,US,PC,2024-03-10,10,3,2024,169
72,82,2024-09-24,CA,Android,2024-08-06,6,8,2024,49
73,83,2024-04-24,US,Android,2024-08-05,5,8,2024,-103
74,84,2024-09-20,IN,iOS,2024-05-18,18,5,2024,125
75,85,2024-09-19,VN,PC,2024-02-27,27,2,2024,205
76,86,2024-09-11,IN,PC,2024-01-11,11,1,2024,244
77,87,2024-09-28,CA,PC,2024-09-04,4,9,2024,24
78,88,2024-07-12,US,iOS,2024-04-08,8,4,2024,95
79,89,2024-08-05,JP,iOS,2024-02-27,27,2,2024,160
80,90,2024-08-01,JP,PC,2024-01-20,20,1,2024,194
81,91,2024-08-12,VN,PC,2024-07-07,7,7,2024,36
82,92,2024-09-10,JP,PC,2024-08-04,4,8,2024,37
83,93,2024-09-05,US,iOS,2024-01-13,13,1,2024,236
84,94,2024-09-15,CA,iOS,2024-04-27,27,4,2024,141
85,95,2024-08-24,US,Android,2024-04-26,26,4,2024,120
86,96,2024-09-07,CA,PC,2024-02-13,13,2,2024,207
87,97,2024-09-29,JP,Android,2024-05-03,3,5,2024,149
88,98,2024-06-06,VN,iOS,2024-07-12,12,7,2024,-36
89,99,2024-07-24,IN,PC,2024-09-02,2,9,2024,-40
90,100,2024-09-16,VN,Android,2024-02-04,4,2,2024,225
91,101,2024-09-02,CA,iOS,2024-01-18,18,1,2024,228
92,102,2024-09-05,US,PC,2024-09-11,11,9,2024,-6
93,103,2024-09-07,IN,PC,2024-09-11,11,9,2024,-4
94,104,2024-08-30,JP,iOS,2024-04-03,3,4,2024,149
95,105,2024-09-12,US,iOS,2024-06-28,28,6,2024,76
96,106,2024-09-21,JP,PC,2024-02-11,11,2,2024,223
97,107,2024-08-24,IN,iOS,2024-07-08,8,7,2024,47
98,108,2024-09-02,IN,Android,2024-01-29,29,1,2024,217
99,109,2024-05-07,CA,iOS,2024-07-04,4,7,2024,-58
100,110,2024-09-19,US,PC,2024-04-18,18,4,2024,154
101,111,2024-08-28,IN,Android,2024-08-18,18,8,2024,10
102,112,2024-09-28,VN,iOS,2024-03-04,4,3,2024,208
103,113,2024-08-28,VN,iOS,2024-09-12,12,9,2024,-15
104,114,2024-09-22,US,PC,2024-09-05,5,9,2024,17
105,115,2024-06-16,CA,Android,2024-01-25,25,1,2024,143
106,117,2024-08-23,IN,iOS,2024-09-04,4,9,2024,-12
107,118,2024-09-09,US,Android,2024-09-21,21,9,2024,-12
108,120,2024-07-07,US,iOS,2024-05-06,6,5,2024,62
109,121,2024-07-21,IN,iOS,2024-07-16,16,7,2024,5
110,122,2024-06-20,US,PC,2024-08-19,19,8,2024,-60
111,123,2024-07-24,CA,iOS,2024-03-05,5,3,2024,141
112,124,2024-08-07,VN,iOS,2024-03-05,5,3,2024,155
113,125,2024-09-30,VN,iOS,2024-06-01,1,6,2024,121
114,126,2024-08-12,CA,PC,2024-08-22,22,8,2024,-10
115,127,2024-09-14,US,iOS,2024-04-27,27,4,2024,140
116,128,2024-08-10,JP,iOS,2024-01-26,26,1,2024,197
117,130,2024-09-29,CA,Android,2024-02-12,12,2,2024,230
118,132,2024-07-28,JP,iOS,2024-09-15,15,9,2024,-49
119,133,2024-08-02,US,Android,2024-06-28,28,6,2024,35
120,134,2024-09-01,IN,iOS,2024-09-20,20,9,2024,-19
121,135,2024-09-02,JP,PC,2024-07-05,5,7,2024,59
122,136,2024-09-08,CA,PC,2024-03-05,5,3,2024,187
123,138,2024-09-14,JP,Android,2024-04-21,21,4,2024,146
124,139,2024-09-03,CA,Android,2024-09-10,10,9,2024,-7
125,140,2024-07-17,VN,iOS,2024-08-02,2,8,2024,-16
126,141,2024-07-26,JP,iOS,2024-03-27,27,3,2024,121
127,142,2024-08-23,VN,Android,2024-07-28,28,7,2024,26
128,143,2024-09-28,CA,PC,2024-04-19,19,4,2024,162
129,144,2024-09-08,US,PC,2024-09-23,23,9,2024,-15
130,145,2024-05-08,US,Android,2024-04-22,22,4,2024,16
131,146,2024-08-21,VN,iOS,2024-03-21,21,3,2024,153
132,147,2024-07-27,CA,Android,2024-08-25,25,8,2024,-29
133,148,2024-09-01,CA,PC,2024-05-04,4,5,2024,120
134,149,2024-08-25,VN,Android,2024-02-15,15,2,2024,192
135,150,2024-08-06,CA,Android,2024-06-21,21,6,2024,46
136,151,2024-09-26,IN,iOS,2024-02-04,4,2,2024,235
137,152,2024-08-24,CA,PC,2024-04-30,30,4,2024,116
138,153,2024-05-17,US,PC,2024-04-14,14,4,2024,33
139,154,2024-09-10,IN,PC,2024-08-19,19,8,2024,22
140,155,2024-09-14,US,iOS,2024-09-01,1,9,2024,13
141,156,2024-07-26,CA,PC,2024-04-08,8,4,2024,109
142,157,2024-09-26,US,iOS,2024-08-14,14,8,2024,43
143,158,2024-08-25,US,iOS,2024-01-03,3,1,2024,235
144,159,2024-08-15,JP,Android,2024-06-17,17,6,2024,59
145,160,2024-09-16,CA,iOS,2024-01-12,12,1,2024,248
146,161,2024-08-10,CA,iOS,2024-07-17,17,7,2024,24
147,162,2024-08-20,IN,PC,2024-07-17,17,7,2024,34
148,163,2024-07-28,CA,iOS,2024-04-08,8,4,2024,111
149,164,2024-09-10,IN,Android,2024-07-11,11,7,2024,61
150,165,2024-09-24,IN,PC,2024-08-17,17,8,2024,38
151,166,2024-09-15,VN,Android,2024-04-10,10,4,2024,158
152,167,2024-08-25,IN,Android,2024-01-01,1,1,2024,237
153,169,2024-09-26,VN,PC,2024-09-20,20,9,2024,6
154,170,2024-09-25,IN,iOS,2024-05-27,27,5,2024,121
155,171,2024-07-15,US,Android,2024-02-09,9,2,2024,157
156,172,2024-06-10,JP,iOS,2024-05-25,25,5,2024,16
157,174,2024-09-02,JP,iOS,2024-05-03,3,5,2024,122
158,175,2024-08-27,CA,PC,2024-05-04,4,5,2024,115
159,176,2024-05-14,CA,Android,2024-01-20,20,1,2024,115
160,177,2024-07-11,CA,PC,2024-07-17,17,7,2024,-6
161,178,2024-09-27,JP,iOS,2024-03-17,17,3,2024,194
162,179,2024-09-23,JP,Android,2024-07-22,22,7,2024,63
163,181,2024-08-17,IN,iOS,2024-08-16,16,8,2024,1
164,182,2024-09-21,IN,Android,2024-04-01,1,4,2024,173
165,183,2024-09-23,VN,PC,2024-01-09,9,1,2024,258
166,186,2024-08-06,CA,Android,2024-01-23,23,1,2024,196
167,187,2024-08-10,IN,PC,2024-05-23,23,5,2024,79
168,188,2024-08-08,JP,iOS,2024-06-19,19,6,2024,50
169,189,2024-09-28,VN,iOS,2024-04-29,29,4,2024,152
170,191,2024-09-26,JP,iOS,2024-06-03,3,6,2024,115
171,193,2024-08-15,JP,Android,2024-01-24,24,1,2024,204
172,194,2024-08-31,IN,iOS,2024-08-07,7,8,2024,24
173,197,2024-08-31,JP,iOS,2024-06-18,18,6,2024,74
174,198,2024-08-24,US,iOS,2024-07-29,29,7,2024,26
175,199,2024-09-02,JP,Android,2024-06-13,13,6,2024,81
176,200,2024-05-11,US,Android,2024-03-01,1,3,2024,71
177,201,2024-08-30,US,PC,2024-01-21,21,1,2024,222
178,203,2024-07-29,CA,Android,2024-07-07,7,7,2024,22
179,204,2024-09-21,CA,PC,2024-06-19,19,6,2024,94
180,205,2024-09-17,VN,iOS,2024-07-16,16,7,2024,63
181,206,2024-08-19,JP,Android,2024-08-25,25,8,2024,-6
182,207,2024-09-07,VN,PC,2024-03-30,30,3,2024,161
183,209,2024-08-25,CA,PC,2024-08-10,10,8,2024,15
184,210,2024-09-24,US,iOS,2024-05-27,27,5,2024,120
185,211,2024-09-16,JP,PC,2024-03-25,25,3,2024,175
186,212,2024-09-10,US,Android,2024-04-26,26,4,2024,137
187,214,2024-08-11,IN,Android,2024-09-01,1,9,2024,-21
188,215,2024-09-21,VN,PC,2024-01-19,19,1,2024,246
189,216,2024-03-23,VN,PC,2024-01-04,4,1,2024,79
190,218,2024-06-28,US,Android,2024-08-26,26,8,2024,-59
191,219,2024-09-10,VN,iOS,2024-07-11,11,7,2024,61
192,220,2024-08-20,VN,PC,2024-04-25,25,4,2024,117
193,221,2024-09-25,JP,PC,2024-08-04,4,8,2024,52
194,223,2024-09-27,US,iOS,2024-06-25,25,6,2024,94
195,224,2024-09-14,US,iOS,2024-05-07,7,5,2024,130
196,226,2024-09-30,VN,PC,2024-05-18,18,5,2024,135
197,227,2024-09-20,US,PC,2024-02-02,2,2,2024,231
198,228,2024-08-15,IN,PC,2024-01-25,25,1,2024,203
199,229,2024-09-26,IN,PC,2024-07-27,27,7,2024,61
200,230,2024-08-11,JP,Android,2024-02-13,13,2,2024,180
201,231,2024-09-10,IN,iOS,2024-01-17,17,1,2024,237
202,232,2024-08-22,IN,PC,2024-02-08,8,2,2024,196
203,234,2024-07-16,JP,Android,2024-06-27,27,6,2024,19
204,235,2024-09-05,US,iOS,2024-07-30,30,7,2024,37
205,236,2024-08-10,CA,PC,2024-03-09,9,3,2024,154
206,237,2024-09-18,IN,iOS,2024-03-29,29,3,2024,173
207,238,2024-08-28,JP,iOS,2024-04-27,27,4,2024,123
208,239,2024-08-12,VN,iOS,2024-01-24,24,1,2024,201
209,240,2024-08-12,IN,iOS,2024-08-01,1,8,2024,11
210,241,2024-09-06,VN,iOS,2024-09-19,19,9,2024,-13
211,242,2024-06-10,CA,PC,2024-03-11,11,3,2024,91
212,243,2024-05-20,CA,Android,2024-08-15,15,8,2024,-87
213,244,2024-09-30,VN,Android,2024-05-24,24,5,2024,129
214,245,2024-09-10,CA,iOS,2024-04-18,18,4,2024,145
215,246,2024-07-05,JP,iOS,2024-01-30,30,1,2024,157
216,247,2024-05-30,VN,Android,2024-07-27,27,7,2024,-58
217,248,2024-08-23,JP,PC,2024-09-28,28,9,2024,-36
218,250,2024-05-23,JP,Android,2024-04-03,3,4,2024,50
219,251,2024-06-28,US,iOS,2024-06-13,13,6,2024,15
220,252,2024-07-09,IN,PC,2024-09-30,30,9,2024,-83
221,253,2024-08-22,VN,PC,2024-08-01,1,8,2024,21
222,254,2024-09-29,CA,Android,2024-04-09,9,4,2024,173
223,255,2024-09-05,JP,iOS,2024-09-30,30,9,2024,-25
224,256,2024-09-13,IN,iOS,2024-09-28,28,9,2024,-15
225,257,2024-09-06,IN,PC,2024-01-03,3,1,2024,247
226,259,2024-06-08,US,PC,2024-03-21,21,3,2024,79
227,260,2024-08-21,JP,iOS,2024-03-05,5,3,2024,169
228,261,2024-08-28,VN,PC,2024-06-09,9,6,2024,80
229,262,2024-09-02,CA,iOS,2024-01-21,21,1,2024,225
230,263,2024-09-25,JP,PC,2024-03-15,15,3,2024,194
231,264,2024-09-29,JP,Android,2024-04-08,8,4,2024,174
232,266,2024-09-24,VN,PC,2024-01-15,15,1,2024,253
233,267,2024-09-22,US,PC,2024-08-19,19,8,2024,34
234,268,2024-09-08,US,PC,2024-05-15,15,5,2024,116
235,269,2024-09-06,US,PC,2024-05-13,13,5,2024,116
236,270,2024-09-25,JP,iOS,2024-09-04,4,9,2024,21
237,271,2024-09-19,IN,PC,2024-04-08,8,4,2024,164
238,272,2024-09-12,US,Android,2024-08-29,29,8,2024,14
239,274,2024-09-28,JP,Android,2024-03-28,28,3,2024,184
240,275,2024-09-17,US,iOS,2024-01-20,20,1,2024,241
241,276,2024-08-17,IN,Android,2024-01-11,11,1,2024,219
242,277,2024-07-15,US,Android,2024-07-18,18,7,2024,-3
243,278,2024-09-29,US,Android,2024-08-08,8,8,2024,52
244,279,2024-09-03,IN,Android,2024-02-16,16,2,2024,200
245,280,2024-08-20,CA,iOS,2024-08-30,30,8,2024,-10
246,281,2024-08-13,JP,Android,2024-03-31,31,3,2024,135
247,282,2024-09-06,US,PC,2024-08-28,28,8,2024,9
248,283,2024-08-08,IN,iOS,2024-02-13,13,2,2024,177
249,284,2024-09-17,CA,PC,2024-08-18,18,8,2024,30
250,285,2024-09-17,IN,PC,2024-05-07,7,5,2024,133
251,286,2024-08-23,IN,Android,2024-03-27,27,3,2024,149
252,287,2024-09-13,US,Android,2024-02-20,20,2,2024,206
253,288,2024-09-28,US,PC,2024-08-16,16,8,2024,43
254,289,2024-09-19,CA,iOS,2024-09-17,17,9,2024,2
255,290,2024-03-05,US,PC,2024-06-20,20,6,2024,-107
256,291,2024-09-20,VN,iOS,2024-05-27,27,5,2024,116
257,292,2024-08-18,IN,iOS,2024-07-29,29,7,2024,20
258,293,2024-09-24,VN,PC,2024-04-27,27,4,2024,150
259,294,2024-09-17,CA,PC,2024-07-21,21,7,2024,58
260,295,2024-08-29,VN,PC,2024-02-01,1,2,2024,210
261,296,2024-03-27,IN,Android,2024-01-13,13,1,2024,74
262,297,2024-09-13,IN,PC,2024-04-23,23,4,2024,143
263,298,2024-08-28,JP,Android,2024-07-19,19,7,2024,40
264,299,2024-07-17,CA,iOS,2024-06-28,28,6,2024,19
265,300,2024-09-13,IN,Android,2024-06-12,12,6,2024,93
266,303,2024-09-10,IN,PC,2024-06-01,1,6,2024,101
267,304,2024-09-07,IN,PC,2024-05-05,5,5,2024,125
268,306,2024-09-18,IN,Android,2024-03-08,8,3,2024,194
269,307,2024-08-06,US,Android,2024-09-18,18,9,2024,-43
270,308,2024-08-22,CA,Android,2024-03-27,27,3,2024,148
271,309,2024-05-28,CA,PC,2024-09-12,12,9,2024,-107
272,310,2024-09-24,VN,PC,2024-04-13,13,4,2024,164
273,311,2024-09-06,VN,Android,2024-08-26,26,8,2024,11
274,312,2024-08-22,CA,iOS,2024-01-07,7,1,2024,228
275,313,2024-07-16,US,iOS,2024-05-25,25,5,2024,52
276,314,2024-05-23,JP,Android,2024-03-22,22,3,2024,62
277,316,2024-07-20,US,iOS,2024-03-28,28,3,2024,114
278,317,2024-09-20,CA,iOS,2024-03-10,10,3,2024,194
279,318,2024-09-29,JP,iOS,2024-03-22,22,3,2024,191
280,319,2024-09-28,IN,PC,2024-04-11,11,4,2024,170
281,321,2024-07-08,VN,Android,2024-05-29,29,5,2024,40
282,322,2024-09-26,US,iOS,2024-05-12,12,5,2024,137
283,323,2024-09-15,VN,Android,2024-03-20,20,3,2024,179
284,324,2024-09-13,US,PC,2024-02-18,18,2,2024,208
285,325,2024-09-15,JP,iOS,2024-06-02,2,6,2024,105
286,326,2024-09-06,VN,Android,2024-09-10,10,9,2024,-4
287,327,2024-09-23,JP,iOS,2024-05-15,15,5,2024,131
288,328,2024-09-17,CA,Android,2024-09-26,26,9,2024,-9
289,329,2024-09-09,JP,PC,2024-03-14,14,3,2024,179
290,330,2024-08-20,CA,Android,2024-06-06,6,6,2024,75
291,331,2024-08-18,US,iOS,2024-05-03,3,5,2024,107
292,332,2024-08-23,JP,Android,2024-08-26,26,8,2024,-3
293,333,2024-05-23,IN,Android,2024-08-09,9,8,2024,-78
294,335,2024-08-28,US,Android,2024-05-31,31,5,2024,89
295,336,2024-09-19,JP,iOS,2024-08-25,25,8,2024,25
296,338,2024-07-27,IN,iOS,2024-02-09,9,2,2024,169
297,340,2024-08-29,CA,Android,2024-01-08,8,1,2024,234
298,341,2024-09-08,IN,PC,2024-09-30,30,9,2024,-22
299,342,2024-09-18,JP,PC,2024-01-18,18,1,2024,244
300,343,2024-09-19,VN,Android,2024-03-14,14,3,2024,189
301,344,2024-09-13,US,Android,2024-07-28,28,7,2024,47
302,345,2024-09-30,US,Android,2024-03-15,15,3,2024,199
303,346,2024-08-03,VN,Android,2024-05-25,25,5,2024,70
304,347,2024-07-19,VN,iOS,2024-03-16,16,3,2024,125
305,349,2024-08-31,JP,iOS,2024-03-24,24,3,2024,160
306,351,2024-08-09,JP,Android,2024-03-07,7,3,2024,155
307,352,2024-08-13,VN,iOS,2024-04-27,27,4,2024,108
308,353,2024-07-25,JP,Android,2024-01-21,21,1,2024,186
309,354,2024-08-11,CA,PC,2024-01-20,20,1,2024,204
310,355,2024-09-06,JP,iOS,2024-08-22,22,8,2024,15
311,356,2024-07-13,CA,PC,2024-09-11,11,9,2024,-60
312,357,2024-09-28,CA,iOS,2024-02-08,8,2,2024,233
313,358,2024-08-23,VN,PC,2024-06-08,8,6,2024,76
314,359,2024-09-21,JP,Android,2024-06-16,16,6,2024,97
315,360,2024-09-30,JP,Android,2024-03-07,7,3,2024,207
316,361,2024-06-10,JP,PC,2024-02-05,5,2,2024,126
317,362,2024-09-01,US,Android,2024-05-15,15,5,2024,109
318,363,2024-08-13,VN,Android,2024-08-27,27,8,2024,-14
319,364,2024-04-17,IN,iOS,2024-06-19,19,6,2024,-63
320,365,2024-07-12,VN,Android,2024-01-02,2,1,2024,192
321,366,2024-08-27,JP,iOS,2024-04-06,6,4,2024,143
322,369,2024-09-30,VN,iOS,2024-03-14,14,3,2024,200
323,370,2024-09-17,VN,Android,2024-04-15,15,4,2024,155
324,371,2024-09-24,IN,iOS,2024-08-28,28,8,2024,27
325,372,2024-09-29,CA,iOS,2024-03-31,31,3,2024,182
326,373,2024-08-18,IN,Android,2024-06-10,10,6,2024,69
327,374,2024-09-25,VN,Android,2024-04-21,21,4,2024,157
328,375,2024-08-01,JP,Android,2024-06-05,5,6,2024,57
329,376,2024-09-19,CA,iOS,2024-05-15,15,5,2024,127
330,377,2024-09-08,IN,iOS,2024-03-24,24,3,2024,168
331,379,2024-08-30,CA,Android,2024-06-12,12,6,2024,79
332,380,2024-05-28,US,Android,2024-08-01,1,8,2024,-65
333,381,2024-09-22,IN,iOS,2024-04-30,30,4,2024,145
334,382,2024-09-14,IN,PC,2024-08-10,10,8,2024,35
335,383,2024-08-13,VN,PC,2024-02-03,3,2,2024,192
336,384,2024-09-19,US,iOS,2024-06-12,12,6,2024,99
337,386,2024-08-12,VN,iOS,2024-02-01,1,2,2024,193
338,388,2024-07-23,JP,iOS,2024-07-06,6,7,2024,17
339,389,2024-09-25,CA,iOS,2024-08-03,3,8,2024,53
340,390,2024-08-30,VN,iOS,2024-05-05,5,5,2024,117
341,392,2024-08-31,JP,PC,2024-04-26,26,4,2024,127
342,393,2024-08-18,CA,iOS,2024-09-26,26,9,2024,-39
343,394,2024-08-02,CA,Android,2024-05-08,8,5,2024,86
344,395,2024-07-03,VN,Android,2024-03-15,15,3,2024,110
345,396,2024-09-16,VN,PC,2024-08-26,26,8,2024,21
346,397,2024-09-29,JP,iOS,2024-09-12,12,9,2024,17
347,398,2024-05-15,US,PC,2024-02-06,6,2,2024,99
348,399,2024-08-30,JP,PC,2024-09-03,3,9,2024,-4
349,400,2024-07-17,US,Android,2024-09-10,10,9,2024,-55
350,401,2024-09-17,VN,Android,2024-02-15,15,2,2024,215
351,403,2024-09-07,CA,Android,2024-01-07,7,1,2024,244
352,404,2024-08-28,IN,Android,2024-02-10,10,2,2024,200
353,405,2024-09-17,VN,iOS,2024-03-17,17,3,2024,184
354,406,2024-09-17,US,Android,2024-02-23,23,2,2024,207
355,409,2024-09-21,VN,iOS,2024-05-19,19,5,2024,125
356,410,2024-09-10,CA,Android,2024-07-04,4,7,2024,68
357,411,2024-07-14,CA,iOS,2024-09-21,21,9,2024,-69
358,412,2024-09-07,IN,iOS,2024-01-25,25,1,2024,226
359,413,2024-09-12,JP,Android,2024-01-27,27,1,2024,229
360,414,2024-09-22,CA,Android,2024-07-22,22,7,2024,62
361,415,2024-08-10,US,Android,2024-08-29,29,8,2024,-19
362,416,2024-07-25,JP,Android,2024-01-31,31,1,2024,176
363,417,2024-09-19,US,Android,2024-07-04,4,7,2024,77
364,418,2024-09-16,CA,iOS,2024-01-21,21,1,2024,239
365,419,2024-09-13,CA,Android,2024-02-13,13,2,2024,213
366,420,2024-09-28,JP,PC,2024-09-06,6,9,2024,22
367,422,2024-09-28,CA,Android,2024-07-26,26,7,2024,64
368,423,2024-06-14,VN,iOS,2024-01-15,15,1,2024,151
369,424,2024-09-26,VN,iOS,2024-01-29,29,1,2024,241
370,427,2024-04-21,JP,PC,2024-06-20,20,6,2024,-60
371,428,2024-09-28,VN,iOS,2024-02-29,29,2,2024,212
372,429,2024-06-20,US,iOS,2024-03-02,2,3,2024,110
373,430,2024-09-04,VN,Android,2024-02-29,29,2,2024,188
374,432,2024-08-22,VN,Android,2024-01-22,22,1,2024,213
375,433,2024-06-15,IN,PC,2024-07-14,14,7,2024,-29
376,434,2024-08-25,US,iOS,2024-04-04,4,4,2024,143
377,435,2024-07-28,VN,iOS,2024-02-24,24,2,2024,155
378,436,2024-08-15,IN,iOS,2024-06-26,26,6,2024,50
379,439,2024-09-25,US,PC,2024-09-04,4,9,2024,21
380,440,2024-09-07,VN,iOS,2024-09-11,11,9,2024,-4
381,441,2024-07-11,JP,iOS,2024-05-23,23,5,2024,49
382,442,2024-06-17,US,Android,2024-02-03,3,2,2024,135
383,443,2024-09-17,IN,Android,2024-03-05,5,3,2024,196
384,444,2024-08-04,JP,Android,2024-02-13,13,2,2024,173
385,445,2024-02-25,CA,PC,2024-07-16,16,7,2024,-142
386,446,2024-09-29,CA,Android,2024-04-14,14,4,2024,168
387,447,2024-07-15,VN,iOS,2024-09-12,12,9,2024,-59
388,448,2024-09-28,VN,iOS,2024-08-29,29,8,2024,30
389,449,2024-09-16,VN,Android,2024-08-08,8,8,2024,39
390,451,2024-09-20,CA,Android,2024-01-20,20,1,2024,244
391,453,2024-09-27,US,iOS,2024-08-16,16,8,2024,42
392,454,2024-08-22,JP,PC,2024-04-17,17,4,2024,127
393,455,2024-09-28,VN,iOS,2024-07-25,25,7,2024,65
394,456,2024-05-08,VN,PC,2024-01-04,4,1,2024,125
395,457,2024-08-30,US,Android,2024-04-03,3,4,2024,149
396,458,2024-08-10,IN,Android,2024-03-28,28,3,2024,135
397,459,2024-08-28,US,Android,2024-02-28,28,2,2024,182
398,461,2024-09-09,VN,iOS,2024-03-06,6,3,2024,187
399,462,2024-07-23,IN,PC,2024-08-28,28,8,2024,-36
400,463,2024-07-04,JP,Android,2024-05-07,7,5,2024,58
401,464,2024-08-12,IN,Android,2024-02-14,14,2,2024,180
402,465,2024-07-13,VN,iOS,2024-01-01,1,1,2024,194
403,466,2024-08-26,JP,iOS,2024-03-13,13,3,2024,166
404,467,2024-08-19,CA,iOS,2024-08-20,20,8,2024,-1
405,469,2024-09-28,IN,Android,2024-05-11,11,5,2024,140
406,470,2024-08-30,CA,PC,2024-09-24,24,9,2024,-25
407,471,2024-08-19,VN,PC,2024-02-06,6,2,2024,195
408,472,2024-09-08,US,iOS,2024-05-23,23,5,2024,108
409,473,2024-07-26,US,PC,2024-06-04,4,6,2024,52
410,474,2024-09-14,IN,iOS,2024-08-25,25,8,2024,20
411,475,2024-08-23,VN,Android,2024-04-10,10,4,2024,135
412,477,2024-07-23,US,Android,2024-03-01,1,3,2024,144
413,478,2024-07-19,CA,Android,2024-06-18,18,6,2024,31
414,479,2024-07-24,US,PC,2024-02-21,21,2,2024,154
415,480,2024-08-25,US,iOS,2024-09-16,16,9,2024,-22
416,481,2024-07-15,US,PC,2024-05-17,17,5,2024,59
417,482,2024-09-01,VN,iOS,2024-05-07,7,5,2024,117
418,483,2024-08-13,VN,iOS,2024-01-14,14,1,2024,212
419,484,2024-08-25,CA,iOS,2024-04-05,5,4,2024,142
420,485,2024-07-29,JP,PC,2024-05-11,11,5,2024,79
421,486,2024-09-13,JP,Android,2024-02-12,12,2,2024,214
422,487,2024-09-18,US,Android,2024-03-02,2,3,2024,200
423,488,2024-09-27,IN,PC,2024-06-28,28,6,2024,91
424,489,2024-09-23,VN,iOS,2024-08-18,18,8,2024,36
425,490,2024-09-18,VN,PC,2024-08-08,8,8,2024,41
426,491,2024-09-20,VN,iOS,2024-06-07,7,6,2024,105
427,492,2024-09-28,IN,iOS,2024-06-19,19,6,2024,101
428,493,2024-09-25,CA,PC,2024-05-04,4,5,2024,144
429,494,2024-09-27,CA,PC,2024-05-23,23,5,2024,127
430,495,2024-08-28,VN,iOS,2024-09-03,3,9,2024,-6
431,496,2024-09-16,US,Android,2024-06-01,1,6,2024,107
432,497,2024-08-03,CA,Android,2024-06-18,18,6,2024,46
433,498,2024-08-01,JP,Android,2024-06-26,26,6,2024,36
434,499,2024-09-12,IN,iOS,2024-06-28,28,6,2024,76
435,500,2024-09-03,IN,Android,2024-08-02,2,8,2024,32
436,501,2024-05-26,VN,Android,2024-07-01,1,7,2024,-36
437,502,2024-08-17,US,PC,2024-05-17,17,5,2024,92
438,503,2024-08-22,IN,Android,2024-04-14,14,4,2024,130
439,504,2024-09-15,US,PC,2024-03-13,13,3,2024,186
440,505,2024-08-02,CA,Android,2024-06-11,11,6,2024,52
441,507,2024-09-16,US,iOS,2024-02-03,3,2,2024,226
442,508,2024-08-19,US,Android,2024-02-26,26,2,2024,175
443,509,2024-09-18,VN,iOS,2024-05-10,10,5,2024,131
444,510,2024-08-27,JP,iOS,2024-09-09,9,9,2024,-13
445,511,2024-09-23,VN,Android,2024-06-16,16,6,2024,99
446,513,2024-09-16,VN,Android,2024-02-02,2,2,2024,227
447,514,2024-08-07,JP,PC,2024-03-08,8,3,2024,152
448,515,2024-08-16,VN,PC,2024-08-01,1,8,2024,15
449,516,2024-09-08,US,Android,2024-06-28,28,6,2024,72
450,517,2024-08-28,JP,PC,2024-08-01,1,8,2024,27
451,518,2024-09-22,US,iOS,2024-07-24,24,7,2024,60
452,520,2024-09-11,US,iOS,2024-09-25,25,9,2024,-14
453,521,2024-07-12,US,PC,2024-08-27,27,8,2024,-46
454,522,2024-09-29,IN,Android,2024-07-30,30,7,2024,61
455,523,2024-09-17,CA,Android,2024-05-18,18,5,2024,122
456,525,2024-07-29,US,iOS,2024-05-17,17,5,2024,73
457,526,2024-06-05,CA,iOS,2024-05-14,14,5,2024,22
458,527,2024-09-01,IN,iOS,2024-03-30,30,3,2024,155
459,528,2024-09-27,US,Android,2024-05-18,18,5,2024,132
460,529,2024-06-24,IN,Android,2024-06-16,16,6,2024,8
461,530,2024-06-27,VN,Android,2024-04-25,25,4,2024,63
462,531,2024-07-07,US,iOS,2024-05-08,8,5,2024,60
463,532,2024-08-13,IN,Android,2024-02-09,9,2,2024,186
464,533,2024-09-06,VN,Android,2024-03-05,5,3,2024,185
465,534,2024-08-07,VN,Android,2024-01-08,8,1,2024,212
466,536,2024-09-01,JP,iOS,2024-07-18,18,7,2024,45
467,538,2024-09-04,IN,PC,2024-07-30,30,7,2024,36
468,539,2024-09-23,JP,Android,2024-03-20,20,3,2024,187
469,540,2024-09-04,US,PC,2024-01-01,1,1,2024,247
470,541,2024-08-24,CA,Android,2024-07-20,20,7,2024,35
471,543,2024-05-12,IN,iOS,2024-09-25,25,9,2024,-136
472,544,2024-09-23,JP,Android,2024-04-03,3,4,2024,173
473,545,2024-09-15,CA,iOS,2024-08-29,29,8,2024,17
474,546,2024-07-19,CA,iOS,2024-03-18,18,3,2024,123
475,547,2024-09-18,IN,PC,2024-06-11,11,6,2024,99
476,548,2024-09-27,CA,iOS,2024-05-28,28,5,2024,122
477,549,2024-09-04,US,Android,2024-07-10,10,7,2024,56
478,550,2024-08-09,US,iOS,2024-02-24,24,2,2024,167
479,551,2024-09-19,JP,PC,2024-05-08,8,5,2024,134
480,553,2024-09-11,CA,iOS,2024-08-13,13,8,2024,29
481,554,2024-09-11,IN,Android,2024-07-14,14,7,2024,59
482,555,2024-09-14,US,PC,2024-09-10,10,9,2024,4
483,556,2024-09-21,US,iOS,2024-02-27,27,2,2024,207
484,557,2024-09-26,IN,iOS,2024-03-29,29,3,2024,181
485,558,2024-09-02,VN,iOS,2024-02-25,25,2,2024,190
486,559,2024-08-28,IN,iOS,2024-02-13,13,2,2024,197
487,560,2024-09-19,VN,PC,2024-06-20,20,6,2024,91
488,562,2024-09-16,VN,iOS,2024-02-05,5,2,2024,224
489,563,2024-06-23,VN,iOS,2024-08-01,1,8,2024,-39
490,564,2024-09-14,JP,Android,2024-01-13,13,1,2024,245
491,565,2024-09-09,US,iOS,2024-05-28,28,5,2024,104
492,566,2024-08-24,US,iOS,2024-02-25,25,2,2024,181
493,567,2024-03-05,JP,Android,2024-08-12,12,8,2024,-160
494,568,2024-09-24,CA,Android,2024-07-24,24,7,2024,62
495,570,2024-09-28,IN,PC,2024-08-08,8,8,2024,51
496,571,2024-08-08,US,Android,2024-03-29,29,3,2024,132
497,572,2024-07-29,US,iOS,2024-08-05,5,8,2024,-7
498,574,2024-09-11,IN,Android,2024-01-05,5,1,2024,250
499,575,2024-09-30,CA,iOS,2024-09-20,20,9,2024,10
500,576,2024-09-27,VN,PC,2024-09-27,27,9,2024,0
501,577,2024-09-26,VN,Android,2024-02-02,2,2,2024,237
502,579,2024-09-06,US,iOS,2024-06-27,27,6,2024,71
503,580,2024-07-16,CA,PC,2024-07-22,22,7,2024,-6
504,582,2024-08-06,US,Android,2024-03-18,18,3,2024,141
505,584,2024-09-18,US,PC,2024-09-10,10,9,2024,8
506,585,2024-09-26,JP,Android,2024-02-29,29,2,2024,210
507,586,2024-09-24,JP,Android,2024-05-25,25,5,2024,122
508,587,2024-03-30,IN,Android,2024-03-27,27,3,2024,3
509,588,2024-08-30,CA,Android,2024-09-15,15,9,2024,-16
510,589,2024-08-23,CA,iOS,2024-05-08,8,5,2024,107
511,590,2024-09-26,US,Android,2024-01-13,13,1,2024,257
512,592,2024-07-28,VN,Android,2024-02-13,13,2,2024,166
513,593,2024-09-24,US,PC,2024-07-22,22,7,2024,64
514,594,2024-09-11,IN,Android,2024-01-20,20,1,2024,235
515,596,2024-04-20,US,Android,2024-07-20,20,7,2024,-91
516,597,2024-09-08,VN,PC,2024-07-26,26,7,2024,44
517,598,2024-09-07,VN,PC,2024-06-22,22,6,2024,77
518,599,2024-09-25,JP,iOS,2024-06-28,28,6,2024,89
519,600,2024-09-22,US,PC,2024-06-17,17,6,2024,97
520,601,2024-07-25,CA,iOS,2024-03-02,2,3,2024,145
521,602,2024-09-04,CA,iOS,2024-07-13,13,7,2024,53
522,603,2024-09-02,US,iOS,2024-06-15,15,6,2024,79
523,604,2024-09-17,IN,PC,2024-09-29,29,9,2024,-12
524,605,2024-08-26,IN,Android,2024-01-02,2,1,2024,237
525,606,2024-09-25,VN,iOS,2024-07-17,17,7,2024,70
526,607,2024-09-19,VN,Android,2024-08-15,15,8,2024,35
527,608,2024-09-01,US,PC,2024-08-07,7,8,2024,25
528,609,2024-08-29,JP,Android,2024-04-21,21,4,2024,130
529,610,2024-09-12,JP,Android,2024-03-27,27,3,2024,169
530,611,2024-09-08,CA,PC,2024-01-12,12,1,2024,240
531,613,2024-09-30,VN,PC,2024-02-25,25,2,2024,218
532,614,2024-08-22,IN,PC,2024-02-29,29,2,2024,175
533,615,2024-09-29,IN,Android,2024-02-03,3,2,2024,239
534,616,2024-08-22,US,iOS,2024-05-19,19,5,2024,95
535,617,2024-09-23,CA,Android,2024-07-22,22,7,2024,63
536,618,2024-07-10,VN,Android,2024-06-17,17,6,2024,23
537,619,2024-09-04,CA,PC,2024-03-09,9,3,2024,179
538,620,2024-04-25,US,PC,2024-05-18,18,5,2024,-23
539,621,2024-03-12,CA,PC,2024-08-16,16,8,2024,-157
540,622,2024-09-28,VN,PC,2024-01-29,29,1,2024,243
541,623,2024-08-31,IN,Android,2024-05-03,3,5,2024,120
542,624,2024-09-28,VN,Android,2024-01-08,8,1,2024,264
543,625,2024-09-29,CA,iOS,2024-08-21,21,8,2024,39
544,626,2024-08-21,US,Android,2024-03-28,28,3,2024,146
545,627,2024-07-30,JP,Android,2024-03-07,7,3,2024,145
546,628,2024-08-18,IN,Android,2024-04-16,16,4,2024,124
547,629,2024-09-07,JP,PC,2024-06-06,6,6,2024,93
548,631,2024-07-13,CA,Android,2024-07-03,3,7,2024,10
549,632,2024-07-03,VN,PC,2024-04-24,24,4,2024,70
550,633,2024-08-24,IN,iOS,2024-09-10,10,9,2024,-17
551,634,2024-09-26,US,Android,2024-09-27,27,9,2024,-1
552,635,2024-08-14,JP,iOS,2024-07-28,28,7,2024,17
553,636,2024-09-18,VN,PC,2024-06-21,21,6,2024,89
554,637,2024-09-10,IN,PC,2024-01-24,24,1,2024,230
555,638,2024-08-09,IN,iOS,2024-01-28,28,1,2024,194
556,640,2024-05-02,CA,PC,2024-08-27,27,8,2024,-117
557,641,2024-08-15,US,PC,2024-09-18,18,9,2024,-34
558,642,2024-06-02,JP,Android,2024-05-30,30,5,2024,3
559,644,2024-04-04,VN,Android,2024-09-11,11,9,2024,-160
560,645,2024-07-13,JP,Android,2024-09-04,4,9,2024,-53
561,646,2024-08-07,IN,PC,2024-07-25,25,7,2024,13
562,647,2024-09-05,IN,PC,2024-07-06,6,7,2024,61
563,648,2024-09-19,JP,PC,2024-08-15,15,8,2024,35
564,649,2024-07-11,JP,PC,2024-06-05,5,6,2024,36
565,650,2024-07-20,VN,iOS,2024-08-02,2,8,2024,-13
566,652,2024-09-29,US,Android,2024-04-20,20,4,2024,162
567,653,2024-06-27,IN,PC,2024-01-11,11,1,2024,168
568,654,2024-08-20,VN,iOS,2024-06-05,5,6,2024,76
569,655,2024-09-10,US,PC,2024-06-24,24,6,2024,78
570,656,2024-09-23,VN,PC,2024-09-23,23,9,2024,0
571,658,2024-07-26,IN,iOS,2024-05-04,4,5,2024,83
572,659,2024-07-26,US,PC,2024-01-24,24,1,2024,184
573,660,2024-08-14,CA,iOS,2024-05-02,2,5,2024,104
574,661,2024-09-18,IN,PC,2024-08-12,12,8,2024,37
575,663,2024-08-29,CA,Android,2024-08-20,20,8,2024,9
576,664,2024-09-28,CA,PC,2024-07-10,10,7,2024,80
577,665,2024-09-23,IN,PC,2024-02-21,21,2,2024,215
578,667,2024-09-30,IN,iOS,2024-01-20,20,1,2024,254
579,668,2024-09-21,IN,Android,2024-09-05,5,9,2024,16
580,670,2024-08-20,JP,Android,2024-03-04,4,3,2024,169
581,671,2024-05-19,US,iOS,2024-01-05,5,1,2024,135
582,672,2024-07-15,JP,iOS,2024-05-27,27,5,2024,49
583,673,2024-09-30,VN,Android,2024-02-22,22,2,2024,221
584,675,2024-08-28,CA,iOS,2024-02-19,19,2,2024,191
585,676,2024-09-16,US,PC,2024-03-04,4,3,2024,196
586,677,2024-08-28,JP,PC,2024-04-03,3,4,2024,147
587,678,2024-08-25,CA,Android,2024-05-05,5,5,2024,112
588,679,2024-06-25,CA,iOS,2024-02-16,16,2,2024,130
589,680,2024-09-05,JP,PC,2024-04-12,12,4,2024,146
590,682,2024-09-05,VN,Android,2024-02-24,24,2,2024,194
591,683,2024-09-11,VN,iOS,2024-04-24,24,4,2024,140
592,684,2024-06-22,JP,Android,2024-04-23,23,4,2024,60
593,686,2024-08-11,US,Android,2024-03-02,2,3,2024,162
594,687,2024-09-30,JP,Android,2024-02-26,26,2,2024,217
595,688,2024-08-15,IN,iOS,2024-09-15,15,9,2024,-31
596,689,2024-09-07,US,iOS,2024-03-22,22,3,2024,169
597,690,2024-08-11,VN,Android,2024-01-04,4,1,2024,220
598,691,2024-09-05,IN,PC,2024-02-24,24,2,2024,194
599,692,2024-09-15,CA,PC,2024-07-22,22,7,2024,55
600,693,2024-09-14,IN,iOS,2024-08-14,14,8,2024,31
601,695,2024-08-11,US,Android,2024-02-18,18,2,2024,175
602,696,2024-09-01,VN,iOS,2024-04-17,17,4,2024,137
603,697,2024-09-28,CA,Android,2024-01-17,17,1,2024,255
604,699,2024-08-20,VN,Android,2024-07-06,6,7,2024,45
605,700,2024-08-13,US,Android,2024-07-20,20,7,2024,24
606,702,2024-08-07,JP,PC,2024-06-07,7,6,2024,61
607,703,2024-08-30,IN,Android,2024-02-18,18,2,2024,194
608,704,2024-04-07,VN,Android,2024-02-07,7,2,2024,60
609,705,2024-08-11,IN,PC,2024-09-26,26,9,2024,-46
610,707,2024-09-25,JP,iOS,2024-06-04,4,6,2024,113
611,708,2024-08-14,VN,Android,2024-07-04,4,7,2024,41
612,709,2024-04-12,CA,Android,2024-06-20,20,6,2024,-69
613,710,2024-07-14,CA,iOS,2024-01-30,30,1,2024,166
614,711,2024-09-17,IN,Android,2024-02-21,21,2,2024,209
615,712,2024-09-26,US,iOS,2024-02-24,24,2,2024,215
616,713,2024-09-16,JP,PC,2024-02-01,1,2,2024,228
617,714,2024-09-02,VN,PC,2024-05-19,19,5,2024,106
618,715,2024-07-13,JP,iOS,2024-01-30,30,1,2024,165
619,716,2024-08-03,IN,PC,2024-06-09,9,6,2024,55
620,717,2024-07-11,JP,PC,2024-03-17,17,3,2024,116
621,718,2024-08-28,CA,PC,2024-07-28,28,7,2024,31
622,719,2024-08-22,US,PC,2024-06-24,24,6,2024,59
623,720,2024-05-31,US,Android,2024-02-11,11,2,2024,110
624,721,2024-07-24,JP,Android,2024-03-12,12,3,2024,134
625,722,2024-07-16,JP,iOS,2024-09-09,9,9,2024,-55
626,724,2024-09-06,CA,PC,2024-09-24,24,9,2024,-18
627,725,2024-07-07,US,iOS,2024-01-28,28,1,2024,161
628,726,2024-09-28,CA,iOS,2024-01-20,20,1,2024,252
629,727,2024-09-23,US,Android,2024-08-13,13,8,2024,41
630,729,2024-09-09,JP,iOS,2024-04-20,20,4,2024,142
631,730,2024-09-28,VN,PC,2024-02-14,14,2,2024,227
632,731,2024-08-15,IN,iOS,2024-05-31,31,5,2024,76
633,732,2024-09-22,IN,iOS,2024-04-26,26,4,2024,149
634,733,2024-09-08,JP,Android,2024-06-16,16,6,2024,84
635,734,2024-09-03,IN,iOS,2024-06-28,28,6,2024,67
636,736,2024-07-18,IN,PC,2024-07-13,13,7,2024,5
637,737,2024-08-01,CA,PC,2024-08-08,8,8,2024,-7
638,738,2024-05-23,JP,PC,2024-08-07,7,8,2024,-76
639,739,2024-09-10,IN,PC,2024-07-11,11,7,2024,61
640,740,2024-09-29,US,iOS,2024-03-07,7,3,2024,206
641,741,2024-07-07,JP,iOS,2024-07-16,16,7,2024,-9
642,742,2024-09-24,US,PC,2024-08-23,23,8,2024,32
643,743,2024-09-21,US,iOS,2024-07-14,14,7,2024,69
644,744,2024-08-24,IN,Android,2024-03-29,29,3,2024,148
645,745,2024-09-07,CA,Android,2024-07-22,22,7,2024,47
646,746,2024-09-22,IN,Android,2024-05-30,30,5,2024,115
647,747,2024-07-28,US,PC,2024-08-25,25,8,2024,-28
648,748,2024-07-21,VN,iOS,2024-01-19,19,1,2024,184
649,749,2024-09-10,CA,iOS,2024-07-28,28,7,2024,44
650,750,2024-09-21,JP,Android,2024-03-29,29,3,2024,176
651,751,2024-06-20,VN,Android,2024-05-08,8,5,2024,43
652,752,2024-04-13,VN,Android,2024-05-29,29,5,2024,-46
653,753,2024-07-15,JP,Android,2024-06-18,18,6,2024,27
654,755,2024-09-28,VN,iOS,2024-07-28,28,7,2024,62
655,756,2024-09-18,CA,Android,2024-07-25,25,7,2024,55
656,757,2024-06-15,US,Android,2024-09-27,27,9,2024,-104
657,758,2024-03-18,IN,iOS,2024-07-27,27,7,2024,-131
658,759,2024-08-27,JP,PC,2024-09-07,7,9,2024,-11
659,760,2024-08-17,VN,Android,2024-06-29,29,6,2024,49
660,761,2024-08-23,VN,PC,2024-05-22,22,5,2024,93
661,762,2024-07-26,CA,Android,2024-03-30,30,3,2024,118
662,764,2024-09-30,IN,PC,2024-02-27,27,2,2024,216
663,765,2024-07-25,US,PC,2024-09-09,9,9,2024,-46
664,766,2024-09-04,JP,PC,2024-05-21,21,5,2024,106
665,767,2024-08-13,VN,Android,2024-05-03,3,5,2024,102
666,768,2024-09-29,IN,Android,2024-04-02,2,4,2024,180
667,769,2024-08-16,US,PC,2024-04-14,14,4,2024,124
668,770,2024-06-16,US,Android,2024-07-26,26,7,2024,-40
669,771,2024-09-27,JP,PC,2024-02-21,21,2,2024,219
670,773,2024-07-07,CA,Android,2024-02-06,6,2,2024,152
671,774,2024-08-06,IN,PC,2024-01-28,28,1,2024,191
672,777,2024-09-25,IN,Android,2024-07-27,27,7,2024,60
673,778,2024-07-28,IN,PC,2024-05-11,11,5,2024,78
674,780,2024-09-17,VN,iOS,2024-09-03,3,9,2024,14
675,781,2024-09-20,CA,iOS,2024-06-04,4,6,2024,108
676,782,2024-09-22,JP,iOS,2024-06-15,15,6,2024,99
677,783,2024-09-26,CA,iOS,2024-01-05,5,1,2024,265
678,784,2024-09-26,US,Android,2024-09-29,29,9,2024,-3
679,785,2024-08-17,VN,PC,2024-09-30,30,9,2024,-44
680,786,2024-09-22,JP,Android,2024-02-28,28,2,2024,207
681,787,2024-09-29,CA,PC,2024-08-03,3,8,2024,57
682,788,2024-09-13,VN,PC,2024-08-06,6,8,2024,38
683,789,2024-09-28,US,Android,2024-06-07,7,6,2024,113
684,791,2024-07-16,VN,Android,2024-02-27,27,2,2024,140
685,792,2024-07-11,CA,Android,2024-07-16,16,7,2024,-5
686,793,2024-09-14,VN,PC,2024-08-23,23,8,2024,22
687,794,2024-09-22,JP,iOS,2024-01-18,18,1,2024,248
688,796,2024-08-16,CA,iOS,2024-09-11,11,9,2024,-26
689,797,2024-09-26,CA,PC,2024-09-22,22,9,2024,4
690,798,2024-06-20,CA,iOS,2024-01-02,2,1,2024,170
691,800,2024-09-22,JP,iOS,2024-05-10,10,5,2024,135
692,801,2024-09-25,US,Android,2024-02-28,28,2,2024,210
693,803,2024-07-31,IN,iOS,2024-07-28,28,7,2024,3
694,804,2024-09-09,VN,Android,2024-09-03,3,9,2024,6
695,805,2024-09-11,IN,Android,2024-09-14,14,9,2024,-3
696,807,2024-08-31,JP,Android,2024-05-14,14,5,2024,109
697,808,2024-09-28,VN,Android,2024-09-03,3,9,2024,25
698,809,2024-09-19,US,iOS,2024-03-06,6,3,2024,197
699,811,2024-09-24,US,iOS,2024-02-21,21,2,2024,216
700,812,2024-08-30,US,iOS,2024-07-13,13,7,2024,48
701,813,2024-08-09,CA,Android,2024-05-08,8,5,2024,93
702,814,2024-09-24,US,iOS,2024-01-17,17,1,2024,251
703,815,2024-09-21,VN,iOS,2024-09-21,21,9,2024,0
704,816,2024-09-30,IN,PC,2024-01-11,11,1,2024,263
705,818,2024-09-26,CA,iOS,2024-08-23,23,8,2024,34
706,819,2024-09-17,VN,Android,2024-06-13,13,6,2024,96
707,820,2024-09-18,CA,iOS,2024-04-27,27,4,2024,144
708,821,2024-08-15,IN,iOS,2024-04-19,19,4,2024,118
709,822,2024-09-27,US,Android,2024-07-21,21,7,2024,68
710,823,2024-08-17,US,PC,2024-02-16,16,2,2024,183
711,824,2024-08-24,JP,Android,2024-09-23,23,9,2024,-30
712,825,2024-09-07,JP,Android,2024-07-06,6,7,2024,63
713,826,2024-08-10,CA,iOS,2024-02-09,9,2,2024,183
714,827,2024-09-25,JP,PC,2024-01-13,13,1,2024,256
715,828,2024-08-05,US,iOS,2024-05-18,18,5,2024,79
716,829,2024-09-06,IN,PC,2024-08-03,3,8,2024,34
717,830,2024-07-14,US,iOS,2024-07-16,16,7,2024,-2
718,832,2024-08-25,IN,PC,2024-08-13,13,8,2024,12
719,833,2024-09-09,CA,PC,2024-02-23,23,2,2024,199
720,835,2024-09-30,JP,Android,2024-05-09,9,5,2024,144
721,836,2024-08-30,VN,PC,2024-07-05,5,7,2024,56
722,837,2024-08-18,IN,PC,2024-07-15,15,7,2024,34
723,838,2024-08-16,IN,Android,2024-08-11,11,8,2024,5
724,839,2024-09-14,IN,iOS,2024-05-25,25,5,2024,112
725,840,2024-07-03,IN,Android,2024-01-19,19,1,2024,166
726,841,2024-09-16,US,iOS,2024-06-02,2,6,2024,106
727,842,2024-09-20,US,PC,2024-02-09,9,2,2024,224
728,843,2024-08-21,JP,iOS,2024-04-25,25,4,2024,118
729,844,2024-06-04,VN,iOS,2024-08-30,30,8,2024,-87
730,845,2024-09-27,IN,PC,2024-09-10,10,9,2024,17
731,846,2024-05-26,JP,PC,2024-09-02,2,9,2024,-99
732,847,2024-07-06,CA,Android,2024-06-15,15,6,2024,21
733,848,2024-04-03,IN,iOS,2024-06-23,23,6,2024,-81
734,849,2024-09-22,JP,Android,2024-09-01,1,9,2024,21
735,850,2024-09-27,JP,PC,2024-09-03,3,9,2024,24
736,852,2024-08-08,IN,Android,2024-06-21,21,6,2024,48
737,854,2024-09-11,JP,PC,2024-09-13,13,9,2024,-2
738,855,2024-09-29,VN,PC,2024-07-31,31,7,2024,60
739,856,2024-09-29,US,iOS,2024-05-27,27,5,2024,125
740,857,2024-08-09,IN,Android,2024-03-08,8,3,2024,154
741,858,2024-09-24,JP,iOS,2024-02-07,7,2,2024,230
742,859,2024-08-26,JP,Android,2024-08-25,25,8,2024,1
743,860,2024-09-22,US,PC,2024-05-11,11,5,2024,134
744,861,2024-07-26,IN,iOS,2024-02-17,17,2,2024,160
745,863,2024-09-15,VN,iOS,2024-04-04,4,4,2024,164
746,864,2024-09-13,JP,Android,2024-05-27,27,5,2024,109
747,865,2024-09-20,IN,iOS,2024-06-02,2,6,2024,110
748,866,2024-06-21,CA,PC,2024-08-09,9,8,2024,-49
749,867,2024-08-31,US,iOS,2024-07-29,29,7,2024,33
750,868,2024-09-27,CA,iOS,2024-07-15,15,7,2024,74
751,869,2024-06-19,CA,Android,2024-09-15,15,9,2024,-88
752,870,2024-09-19,US,Android,2024-07-29,29,7,2024,52
753,871,2024-09-05,US,Android,2024-02-08,8,2,2024,210
754,872,2024-07-01,CA,Android,2024-08-16,16,8,2024,-46
755,874,2024-06-11,CA,PC,2024-05-21,21,5,2024,21
756,876,2024-08-23,US,iOS,2024-09-28,28,9,2024,-36
757,877,2024-09-02,US,iOS,2024-08-17,17,8,2024,16
758,878,2024-08-30,VN,Android,2024-06-23,23,6,2024,68
759,879,2024-07-21,VN,Android,2024-02-15,15,2,2024,157
760,880,2024-09-05,CA,Android,2024-05-09,9,5,2024,119
761,881,2024-09-29,JP,Android,2024-02-10,10,2,2024,232
762,882,2024-08-04,VN,iOS,2024-02-17,17,2,2024,169
763,883,2024-09-04,IN,PC,2024-02-16,16,2,2024,201
764,884,2024-09-06,JP,PC,2024-08-21,21,8,2024,16
765,886,2024-08-11,JP,Android,2024-05-30,30,5,2024,73
766,887,2024-09-02,US,Android,2024-06-06,6,6,2024,88
767,888,2024-08-31,US,PC,2024-06-15,15,6,2024,77
768,889,2024-09-27,JP,iOS,2024-03-16,16,3,2024,195
769,890,2024-08-30,US,PC,2024-01-15,15,1,2024,228
770,891,2024-09-09,CA,PC,2024-02-20,20,2,2024,202
771,892,2024-09-16,CA,PC,2024-05-03,3,5,2024,136
772,893,2024-08-26,CA,iOS,2024-08-29,29,8,2024,-3
773,894,2024-08-20,VN,iOS,2024-09-14,14,9,2024,-25
774,895,2024-09-23,VN,PC,2024-08-11,11,8,2024,43
775,896,2024-08-16,IN,iOS,2024-09-16,16,9,2024,-31
776,897,2024-07-29,JP,iOS,2024-04-05,5,4,2024,115
777,898,2024-09-16,CA,iOS,2024-09-23,23,9,2024,-7
778,899,2024-08-31,IN,iOS,2024-09-01,1,9,2024,-1
779,900,2024-09-24,JP,PC,2024-03-08,8,3,2024,200
780,901,2024-06-27,US,PC,2024-03-10,10,3,2024,109
781,902,2024-09-03,JP,iOS,2024-06-07,7,6,2024,88
782,905,2024-08-25,VN,Android,2024-09-26,26,9,2024,-32
783,906,2024-08-18,CA,Android,2024-07-27,27,7,2024,22
784,907,2024-09-06,IN,iOS,2024-05-21,21,5,2024,108
785,908,2024-09-04,IN,PC,2024-02-19,19,2,2024,198
786,909,2024-09-16,JP,Android,2024-07-20,20,7,2024,58
787,910,2024-09-17,IN,PC,2024-02-07,7,2,2024,223
788,911,2024-09-13,US,iOS,2024-07-16,16,7,2024,59
789,912,2024-09-19,JP,Android,2024-04-20,20,4,2024,152
790,913,2024-08-12,JP,PC,2024-07-20,20,7,2024,23
791,916,2024-08-31,US,PC,2024-03-21,21,3,2024,163
792,918,2024-09-25,US,Android,2024-07-22,22,7,2024,65
793,919,2024-06-09,JP,iOS,2024-06-20,20,6,2024,-11
794,920,2024-06-25,IN,iOS,2024-06-29,29,6,2024,-4
795,921,2024-09-27,CA,Android,2024-03-11,11,3,2024,200
796,922,2024-09-08,IN,Android,2024-09-25,25,9,2024,-17
797,923,2024-09-28,VN,iOS,2024-05-15,15,5,2024,136
798,926,2024-09-21,US,Android,2024-04-30,30,4,2024,144
799,927,2024-09-09,CA,Android,2024-07-01,1,7,2024,70
800,930,2024-09-17,VN,PC,2024-04-05,5,4,2024,165
801,931,2024-07-24,CA,Android,2024-01-20,20,1,2024,186
802,932,2024-09-23,JP,iOS,2024-01-06,6,1,2024,261
803,933,2024-09-28,US,Android,2024-03-10,10,3,2024,202
804,934,2024-09-27,IN,Android,2024-06-20,20,6,2024,99
805,936,2024-09-12,VN,iOS,2024-05-01,1,5,2024,134
806,937,2024-09-23,VN,Android,2024-08-15,15,8,2024,39
807,938,2024-09-27,JP,Android,2024-01-22,22,1,2024,249
808,939,2024-09-07,CA,iOS,2024-09-04,4,9,2024,3
809,940,2024-09-18,VN,PC,2024-04-26,26,4,2024,145
810,941,2024-09-05,CA,iOS,2024-03-19,19,3,2024,170
811,942,2024-09-17,IN,iOS,2024-01-24,24,1,2024,237
812,943,2024-09-24,VN,PC,2024-08-01,1,8,2024,54
813,944,2024-07-13,JP,Android,2024-07-06,6,7,2024,7
814,946,2024-08-13,US,iOS,2024-05-06,6,5,2024,99
815,947,2024-08-15,JP,iOS,2024-08-21,21,8,2024,-6
816,948,2024-09-18,US,iOS,2024-01-15,15,1,2024,247
817,949,2024-08-05,CA,PC,2024-04-29,29,4,2024,98
818,950,2024-08-02,IN,Android,2024-08-03,3,8,2024,-1
819,951,2024-08-06,VN,PC,2024-03-26,26,3,2024,133
820,952,2024-09-08,JP,Android,2024-02-05,5,2,2024,216
821,953,2024-04-14,IN,Android,2024-05-22,22,5,2024,-38
822,954,2024-09-03,IN,PC,2024-09-06,6,9,2024,-3
823,955,2024-08-22,IN,Android,2024-06-23,23,6,2024,60
824,956,2024-08-31,JP,iOS,2024-05-31,31,5,2024,92
825,957,2024-09-09,US,Android,2024-02-06,6,2,2024,216
826,958,2024-09-29,JP,Android,2024-07-13,13,7,2024,78
827,959,2024-08-15,IN,iOS,2024-06-17,17,6,2024,59
828,961,2024-08-02,VN,PC,2024-02-18,18,2,2024,166
829,962,2024-08-01,JP,iOS,2024-07-29,29,7,2024,3
830,963,2024-08-05,VN,Android,2024-06-10,10,6,2024,56
831,964,2024-09-22,CA,PC,2024-01-08,8,1,2024,258
832,965,2024-09-08,JP,PC,2024-03-12,12,3,2024,180
833,966,2024-08-02,JP,iOS,2024-04-23,23,4,2024,101
834,967,2024-09-16,VN,PC,2024-01-22,22,1,2024,238
835,968,2024-06-28,CA,PC,2024-03-16,16,3,2024,104
836,969,2024-09-28,IN,PC,2024-07-22,22,7,2024,68
837,970,2024-09-19,IN,PC,2024-04-23,23,4,2024,149
838,971,2024-09-21,JP,iOS,2024-03-23,23,3,2024,182
839,973,2024-09-10,US,Android,2024-07-12,12,7,2024,60
840,974,2024-08-15,IN,PC,2024-04-16,16,4,2024,121
841,975,2024-08-11,JP,iOS,2024-08-08,8,8,2024,3
842,977,2024-09-22,IN,PC,2024-05-12,12,5,2024,133
843,978,2024-08-25,US,PC,2024-04-09,9,4,2024,138
844,979,2024-08-29,IN,Android,2024-02-26,26,2,2024,185
845,980,2024-07-22,VN,Android,2024-08-08,8,8,2024,-17
846,981,2024-08-27,US,PC,2024-04-26,26,4,2024,123
847,982,2024-06-10,CA,PC,2024-07-20,20,7,2024,-40
848,983,2024-08-29,JP,PC,2024-01-12,12,1,2024,230
849,984,2024-07-31,VN,PC,2024-06-29,29,6,2024,32
850,985,2024-09-16,JP,iOS,2024-02-09,9,2,2024,220
851,986,2024-09-19,IN,Android,2024-03-29,29,3,2024,174
852,987,2024-08-01,JP,PC,2024-01-06,6,1,2024,208
853,989,2024-04-06,VN,Android,2024-08-24,24,8,2024,-140
854,990,2024-09-23,US,Android,2024-04-11,11,4,2024,165
855,991,2024-09-13,VN,iOS,2024-04-10,10,4,2024,156
856,992,2024-08-23,US,Android,2024-05-05,5,5,2024,110
857,993,2024-09-02,CA,PC,2024-05-24,24,5,2024,101
858,994,2024-08-03,IN,iOS,2024-07-02,2,7,2024,32
859,996,2024-04-01,CA,iOS,2024-07-10,10,7,2024,-100
860,997,2024-09-07,US,PC,2024-09-25,25,9,2024,-18
861,998,2024-03-17,CA,iOS,2024-04-21,21,4,2024,-35
862,999,2024-07-09,VN,iOS,2024-08-16,16,8,2024,-38
863,1000,2024-09-22,CA,PC,2024-07-12,12,7,2024,72
