,transaction_id,user_id,item_purchased,purchase_amount,purchase_date,purchase_day,purchase_month,purchase_year
0,1,848,Gems,26.33,2024-01-28,28,1,2024
1,2,400,Coins,24.86,2024-08-17,17,8,2024
2,3,325,Coins,50.54,2024-08-28,28,8,2024
3,4,579,Coins,45.63,2024-04-01,1,4,2024
4,5,966,Coins,63.93,2024-02-15,15,2,2024
5,6,673,Coins,28.54,2024-02-04,4,2,2024
6,7,403,Subscription,29.37,2024-01-07,7,1,2024
7,8,329,Coins,93.95,2024-09-26,26,9,2024
8,9,868,Subscription,70.86,2024-08-10,10,8,2024
9,10,344,Gems,23.61,2024-07-31,31,7,2024
10,11,453,Subscription,85.98,2024-06-04,4,6,2024
11,12,285,Gems,13.1,2024-09-24,24,9,2024
12,13,199,Gems,32.87,2024-01-31,31,1,2024
13,14,256,Coins,83.11,2024-06-09,9,6,2024
14,15,138,Coins,16.72,2024-07-23,23,7,2024
15,16,163,Coins,36.85,2024-01-29,29,1,2024
16,17,105,Subscription,21.25,2024-03-22,22,3,2024
17,18,503,Subscription,57.08,2024-03-07,7,3,2024
18,19,448,Subscription,15.72,2024-05-27,27,5,2024
19,20,14,Subscription,32.32,2024-05-06,6,5,2024
20,21,829,Gems,83.09,2024-07-19,19,7,2024
21,22,477,Subscription,4.72,2024-02-17,17,2,2024
22,23,115,Subscription,87.03,2024-03-22,22,3,2024
23,24,459,Coins,12.78,2024-01-26,26,1,2024
24,25,715,Subscription,93.67,2024-04-28,28,4,2024
25,26,422,Coins,98.24,2024-08-26,26,8,2024
26,27,986,Gems,20.99,2024-08-14,14,8,2024
27,28,883,Coins,17.53,2024-01-08,8,1,2024
28,29,81,Gems,28.5,2024-09-14,14,9,2024
29,30,186,Subscription,18.01,2024-02-19,19,2,2024
30,31,523,Gems,64.25,2024-04-24,24,4,2024
31,32,63,Gems,73.59,2024-03-11,11,3,2024
32,33,396,Gems,46.61,2024-01-05,5,1,2024
33,34,848,Coins,92.5,2024-08-19,19,8,2024
34,35,650,Subscription,28.63,2024-09-02,2,9,2024
35,36,944,Subscription,63.13,2024-08-19,19,8,2024
36,37,148,Subscription,18.66,2024-01-12,12,1,2024
37,38,715,Subscription,57.45,2024-03-28,28,3,2024
38,39,300,Coins,55.77,2024-01-23,23,1,2024
39,40,152,Subscription,25.75,2024-02-09,9,2,2024
40,41,72,Coins,71.26,2024-01-17,17,1,2024
41,42,905,Gems,58.9,2024-05-22,22,5,2024
42,43,478,Gems,74.09,2024-09-15,15,9,2024
43,44,183,Subscription,51.17,2024-01-11,11,1,2024
44,45,922,Subscription,49.26,2024-03-02,2,3,2024
45,46,628,Subscription,8.75,2024-06-12,12,6,2024
46,47,956,Gems,59.9,2024-07-04,4,7,2024
47,48,492,Subscription,34.59,2024-02-03,3,2,2024
48,49,627,Coins,87.75,2024-08-24,24,8,2024
49,50,816,Coins,71.0,2024-03-21,21,3,2024
50,51,11,Subscription,79.23,2024-01-25,25,1,2024
51,52,480,Subscription,7.58,2024-03-01,1,3,2024
52,53,627,Subscription,40.45,2024-06-08,8,6,2024
53,54,974,Subscription,75.48,2024-09-09,9,9,2024
54,55,459,Gems,49.64,2024-03-30,30,3,2024
55,56,821,Subscription,67.34,2024-08-18,18,8,2024
56,57,886,Subscription,77.36,2024-09-06,6,9,2024
57,58,673,Gems,2.69,2024-09-02,2,9,2024
58,59,25,Coins,1.46,2024-01-10,10,1,2024
59,60,297,Subscription,74.55,2024-01-01,1,1,2024
60,61,615,Gems,71.99,2024-05-07,7,5,2024
61,62,660,Gems,1.14,2024-05-10,10,5,2024
62,63,948,Gems,16.18,2024-02-22,22,2,2024
63,64,760,Gems,6.68,2024-08-19,19,8,2024
64,65,113,Gems,84.14,2024-01-14,14,1,2024
65,66,811,Gems,35.28,2024-03-24,24,3,2024
66,67,440,Coins,80.08,2024-02-26,26,2,2024
67,68,365,Gems,25.91,2024-07-10,10,7,2024
68,69,201,Coins,61.5,2024-01-06,6,1,2024
69,70,382,Gems,92.67,2024-05-21,21,5,2024
70,71,833,Subscription,45.93,2024-06-09,9,6,2024
71,72,724,Gems,86.03,2024-06-30,30,6,2024
72,73,600,Subscription,47.34,2024-03-23,23,3,2024
73,74,627,Subscription,25.57,2024-03-15,15,3,2024
74,75,248,Coins,72.23,2024-06-27,27,6,2024
75,76,257,Coins,18.36,2024-06-12,12,6,2024
76,77,410,Subscription,62.51,2024-05-17,17,5,2024
77,78,511,Gems,87.88,2024-03-17,17,3,2024
78,79,835,Coins,41.9,2024-08-14,14,8,2024
79,80,950,Subscription,51.62,2024-06-27,27,6,2024
80,81,872,Gems,93.21,2024-07-18,18,7,2024
81,82,115,Gems,40.46,2024-01-16,16,1,2024
82,83,447,Coins,73.66,2024-01-21,21,1,2024
83,84,270,Subscription,42.71,2024-05-16,16,5,2024
84,85,143,Subscription,86.92,2024-03-08,8,3,2024
85,86,855,Subscription,24.55,2024-08-05,5,8,2024
86,87,584,Subscription,28.26,2024-06-25,25,6,2024
87,88,161,Gems,55.77,2024-03-23,23,3,2024
88,89,675,Coins,60.64,2024-04-27,27,4,2024
89,90,702,Subscription,25.79,2024-02-24,24,2,2024
90,91,840,Coins,87.95,2024-06-25,25,6,2024
91,92,148,Gems,20.95,2024-06-26,26,6,2024
92,93,21,Subscription,79.06,2024-01-24,24,1,2024
93,94,179,Gems,63.9,2024-05-12,12,5,2024
94,95,11,Gems,52.0,2024-04-18,18,4,2024
95,96,797,Gems,63.98,2024-03-10,10,3,2024
96,97,149,Subscription,75.72,2024-04-20,20,4,2024
97,98,418,Coins,5.97,2024-04-21,21,4,2024
98,99,356,Gems,61.82,2024-06-05,5,6,2024
99,100,26,Subscription,71.33,2024-08-10,10,8,2024
100,101,536,Subscription,2.67,2024-05-08,8,5,2024
101,102,5,Coins,32.39,2024-07-14,14,7,2024
102,103,661,Gems,57.52,2024-06-01,1,6,2024
103,104,13,Coins,52.4,2024-05-01,1,5,2024
104,105,720,Gems,62.46,2024-04-30,30,4,2024
105,106,204,Gems,75.75,2024-09-06,6,9,2024
106,107,152,Subscription,43.93,2024-02-08,8,2,2024
107,108,600,Subscription,47.37,2024-05-10,10,5,2024
108,109,314,Subscription,64.62,2024-09-19,19,9,2024
109,110,871,Coins,57.33,2024-03-07,7,3,2024
110,111,412,Gems,87.29,2024-01-15,15,1,2024
111,112,688,Subscription,57.93,2024-04-13,13,4,2024
112,113,67,Coins,58.2,2024-07-27,27,7,2024
113,114,560,Gems,68.45,2024-06-14,14,6,2024
114,115,503,Subscription,99.39,2024-09-23,23,9,2024
115,116,952,Subscription,8.06,2024-09-22,22,9,2024
116,117,940,Coins,46.17,2024-03-18,18,3,2024
117,118,123,Coins,57.56,2024-09-25,25,9,2024
118,119,497,Coins,39.48,2024-06-17,17,6,2024
119,120,410,Subscription,19.18,2024-07-18,18,7,2024
120,121,977,Gems,28.6,2024-07-03,3,7,2024
121,122,366,Subscription,49.57,2024-09-30,30,9,2024
122,123,132,Gems,52.73,2024-03-07,7,3,2024
123,124,733,Gems,39.14,2024-06-15,15,6,2024
124,125,11,Gems,3.74,2024-05-26,26,5,2024
125,126,271,Subscription,26.69,2024-03-14,14,3,2024
126,127,664,Coins,42.83,2024-03-31,31,3,2024
127,128,599,Subscription,85.61,2024-06-04,4,6,2024
128,129,472,Gems,30.09,2024-05-30,30,5,2024
129,130,83,Subscription,33.69,2024-04-18,18,4,2024
130,131,72,Subscription,27.81,2024-08-24,24,8,2024
131,132,736,Coins,39.96,2024-03-17,17,3,2024
132,133,678,Coins,61.22,2024-04-04,4,4,2024
133,134,219,Gems,9.44,2024-04-27,27,4,2024
134,135,865,Subscription,55.0,2024-02-28,28,2,2024
135,136,155,Coins,15.78,2024-06-10,10,6,2024
136,137,884,Coins,6.49,2024-08-19,19,8,2024
137,138,15,Coins,90.16,2024-06-28,28,6,2024
138,139,110,Coins,50.53,2024-07-19,19,7,2024
139,140,104,Coins,94.49,2024-02-02,2,2,2024
140,141,71,Subscription,13.27,2024-08-20,20,8,2024
141,142,858,Coins,11.41,2024-09-07,7,9,2024
142,143,878,Gems,84.28,2024-04-26,26,4,2024
143,144,416,Subscription,93.2,2024-04-16,16,4,2024
144,145,697,Gems,75.87,2024-09-03,3,9,2024
145,146,987,Subscription,82.37,2024-08-19,19,8,2024
146,147,837,Coins,68.13,2024-04-25,25,4,2024
147,148,133,Subscription,87.27,2024-02-12,12,2,2024
148,149,727,Coins,76.45,2024-02-26,26,2,2024
149,150,266,Subscription,46.11,2024-03-12,12,3,2024
150,151,742,Coins,31.57,2024-05-19,19,5,2024
151,152,179,Coins,89.54,2024-01-18,18,1,2024
152,153,102,Subscription,76.34,2024-06-26,26,6,2024
153,154,695,Gems,75.31,2024-08-11,11,8,2024
154,155,839,Gems,87.54,2024-05-14,14,5,2024
155,156,908,Gems,8.41,2024-06-25,25,6,2024
156,157,624,Coins,3.92,2024-01-22,22,1,2024
157,158,114,Gems,45.12,2024-03-17,17,3,2024
158,159,34,Gems,64.43,2024-05-11,11,5,2024
159,160,637,Coins,26.63,2024-08-20,20,8,2024
160,161,479,Gems,94.54,2024-04-10,10,4,2024
161,162,798,Coins,21.72,2024-09-23,23,9,2024
162,163,79,Coins,76.85,2024-07-05,5,7,2024
163,164,567,Subscription,60.88,2024-01-23,23,1,2024
164,165,434,Coins,59.75,2024-06-07,7,6,2024
165,166,227,Gems,37.73,2024-01-18,18,1,2024
166,167,282,Gems,96.82,2024-03-23,23,3,2024
167,168,442,Gems,85.99,2024-07-03,3,7,2024
168,169,117,Subscription,31.57,2024-09-12,12,9,2024
169,170,565,Subscription,92.86,2024-06-23,23,6,2024
170,171,470,Gems,56.73,2024-09-02,2,9,2024
171,172,362,Gems,82.93,2024-01-17,17,1,2024
172,173,403,Subscription,57.82,2024-02-05,5,2,2024
173,174,931,Coins,32.43,2024-07-10,10,7,2024
174,175,363,Gems,24.42,2024-07-10,10,7,2024
175,176,114,Coins,49.93,2024-06-07,7,6,2024
176,177,65,Subscription,39.66,2024-01-15,15,1,2024
177,178,297,Coins,16.02,2024-02-14,14,2,2024
178,179,115,Gems,73.16,2024-08-11,11,8,2024
179,180,458,Coins,79.68,2024-03-28,28,3,2024
180,181,309,Coins,83.75,2024-07-15,15,7,2024
181,182,886,Gems,61.6,2024-08-21,21,8,2024
182,183,624,Coins,33.64,2024-09-04,4,9,2024
183,184,60,Subscription,8.49,2024-05-14,14,5,2024
184,185,20,Coins,96.25,2024-09-20,20,9,2024
185,186,890,Subscription,11.62,2024-05-28,28,5,2024
186,187,242,Subscription,77.58,2024-08-14,14,8,2024
187,188,618,Subscription,66.43,2024-06-29,29,6,2024
188,189,327,Gems,16.98,2024-09-18,18,9,2024
189,190,112,Subscription,62.85,2024-06-27,27,6,2024
190,191,205,Gems,72.58,2024-08-27,27,8,2024
191,192,778,Gems,67.91,2024-07-20,20,7,2024
192,193,142,Coins,13.7,2024-05-07,7,5,2024
193,194,118,Coins,85.32,2024-02-14,14,2,2024
194,195,771,Subscription,46.19,2024-04-02,2,4,2024
195,196,458,Coins,71.77,2024-05-22,22,5,2024
196,197,634,Subscription,32.88,2024-03-31,31,3,2024
197,198,409,Gems,11.06,2024-07-15,15,7,2024
198,199,111,Subscription,71.56,2024-03-31,31,3,2024
199,200,61,Coins,14.47,2024-01-24,24,1,2024
200,201,921,Gems,96.93,2024-01-25,25,1,2024
201,202,704,Gems,51.9,2024-05-08,8,5,2024
202,203,804,Subscription,80.43,2024-08-18,18,8,2024
203,204,147,Subscription,70.01,2024-02-23,23,2,2024
204,205,529,Gems,8.1,2024-01-22,22,1,2024
205,206,399,Coins,45.92,2024-05-10,10,5,2024
206,207,375,Subscription,35.87,2024-03-09,9,3,2024
207,208,958,Gems,2.25,2024-01-26,26,1,2024
208,209,816,Gems,63.62,2024-04-21,21,4,2024
209,210,101,Coins,73.35,2024-05-12,12,5,2024
210,211,459,Subscription,26.68,2024-06-30,30,6,2024
211,212,898,Subscription,93.46,2024-02-29,29,2,2024
212,213,832,Subscription,92.14,2024-01-30,30,1,2024
213,214,807,Coins,2.31,2024-09-10,10,9,2024
214,215,432,Gems,76.87,2024-03-23,23,3,2024
215,216,635,Coins,81.74,2024-01-15,15,1,2024
216,217,916,Subscription,76.86,2024-08-16,16,8,2024
217,218,740,Gems,23.33,2024-06-03,3,6,2024
218,219,745,Coins,79.25,2024-09-08,8,9,2024
219,220,293,Gems,52.73,2024-08-09,9,8,2024
220,221,631,Subscription,10.25,2024-09-16,16,9,2024
221,222,40,Coins,6.45,2024-06-08,8,6,2024
222,223,774,Subscription,59.46,2024-01-15,15,1,2024
223,224,134,Gems,48.43,2024-06-23,23,6,2024
224,225,867,Coins,22.66,2024-03-01,1,3,2024
225,226,469,Subscription,92.63,2024-08-22,22,8,2024
226,227,379,Subscription,35.05,2024-02-19,19,2,2024
227,228,25,Gems,36.72,2024-07-21,21,7,2024
228,229,710,Subscription,46.49,2024-04-11,11,4,2024
229,230,622,Subscription,8.29,2024-08-01,1,8,2024
230,231,734,Gems,14.14,2024-03-07,7,3,2024
231,232,369,Gems,88.02,2024-05-22,22,5,2024
232,233,157,Coins,20.29,2024-06-25,25,6,2024
233,234,876,Coins,12.45,2024-09-06,6,9,2024
234,235,883,Gems,73.92,2024-07-04,4,7,2024
235,236,235,Subscription,24.68,2024-09-09,9,9,2024
236,237,31,Subscription,92.95,2024-03-06,6,3,2024
237,238,9,Coins,59.68,2024-01-02,2,1,2024
238,239,989,Coins,36.85,2024-07-02,2,7,2024
239,240,780,Gems,91.37,2024-08-25,25,8,2024
240,241,871,Gems,36.7,2024-04-12,12,4,2024
241,242,656,Coins,47.3,2024-09-27,27,9,2024
242,243,805,Subscription,71.44,2024-06-13,13,6,2024
243,244,118,Coins,42.5,2024-05-09,9,5,2024
244,245,672,Subscription,69.6,2024-09-15,15,9,2024
245,246,934,Coins,70.04,2024-09-03,3,9,2024
246,247,104,Gems,57.3,2024-03-23,23,3,2024
247,248,596,Gems,23.81,2024-02-16,16,2,2024
248,249,786,Subscription,76.58,2024-08-30,30,8,2024
249,250,926,Coins,55.42,2024-04-29,29,4,2024
250,251,446,Coins,44.54,2024-04-01,1,4,2024
251,252,482,Gems,9.88,2024-09-14,14,9,2024
252,253,515,Subscription,48.33,2024-01-08,8,1,2024
253,254,24,Gems,9.12,2024-06-21,21,6,2024
254,255,383,Gems,13.65,2024-01-15,15,1,2024
255,256,243,Gems,17.58,2024-02-21,21,2,2024
256,257,279,Gems,19.61,2024-02-02,2,2,2024
257,258,709,Coins,25.62,2024-01-28,28,1,2024
258,259,822,Subscription,95.42,2024-04-28,28,4,2024
259,260,942,Gems,59.71,2024-02-03,3,2,2024
260,261,470,Coins,77.77,2024-09-29,29,9,2024
261,262,696,Gems,98.66,2024-09-17,17,9,2024
262,263,278,Coins,73.78,2024-02-28,28,2,2024
263,264,254,Coins,90.66,2024-06-04,4,6,2024
264,265,218,Gems,65.29,2024-09-25,25,9,2024
265,266,429,Coins,87.17,2024-01-29,29,1,2024
266,267,844,Coins,15.71,2024-02-16,16,2,2024
267,268,692,Gems,72.19,2024-02-04,4,2,2024
268,269,887,Coins,18.44,2024-09-30,30,9,2024
269,270,444,Subscription,46.7,2024-07-22,22,7,2024
270,271,880,Subscription,47.02,2024-04-08,8,4,2024
271,272,120,Subscription,38.64,2024-06-22,22,6,2024
272,273,858,Subscription,37.42,2024-09-20,20,9,2024
273,274,918,Subscription,48.38,2024-07-03,3,7,2024
274,275,620,Subscription,44.08,2024-06-13,13,6,2024
275,276,376,Coins,36.43,2024-03-03,3,3,2024
276,277,921,Subscription,86.45,2024-09-19,19,9,2024
277,278,908,Gems,99.41,2024-01-16,16,1,2024
278,279,95,Coins,24.59,2024-09-19,19,9,2024
279,280,87,Subscription,64.57,2024-05-26,26,5,2024
280,281,703,Coins,69.88,2024-03-01,1,3,2024
281,282,274,Gems,16.87,2024-02-29,29,2,2024
282,283,649,Gems,1.97,2024-07-22,22,7,2024
283,284,560,Gems,78.21,2024-08-19,19,8,2024
284,285,571,Subscription,65.8,2024-05-23,23,5,2024
285,286,967,Gems,59.41,2024-07-05,5,7,2024
286,287,789,Subscription,2.01,2024-01-11,11,1,2024
287,288,260,Gems,83.53,2024-09-29,29,9,2024
288,289,608,Coins,47.41,2024-08-25,25,8,2024
289,290,544,Coins,54.4,2024-05-05,5,5,2024
290,291,514,Gems,61.34,2024-09-02,2,9,2024
291,292,747,Gems,53.02,2024-09-05,5,9,2024
292,293,474,Coins,46.81,2024-02-19,19,2,2024
293,294,554,Subscription,81.77,2024-09-15,15,9,2024
294,295,369,Coins,91.9,2024-02-25,25,2,2024
295,296,566,Gems,41.48,2024-04-06,6,4,2024
296,297,84,Coins,49.36,2024-08-10,10,8,2024
297,298,395,Subscription,32.18,2024-07-08,8,7,2024
298,299,492,Subscription,89.56,2024-09-14,14,9,2024
299,300,498,Gems,6.75,2024-06-19,19,6,2024
300,301,98,Subscription,18.72,2024-08-25,25,8,2024
301,302,309,Coins,52.35,2024-07-03,3,7,2024
302,303,269,Coins,91.4,2024-09-06,6,9,2024
303,304,49,Subscription,24.38,2024-03-14,14,3,2024
304,305,29,Gems,73.37,2024-05-15,15,5,2024
305,306,397,Subscription,67.13,2024-08-30,30,8,2024
306,307,501,Gems,24.74,2024-01-27,27,1,2024
307,308,931,Gems,50.1,2024-01-04,4,1,2024
308,309,211,Gems,90.31,2024-02-17,17,2,2024
309,310,23,Subscription,16.42,2024-07-05,5,7,2024
310,311,652,Gems,96.5,2024-01-02,2,1,2024
311,312,659,Coins,77.77,2024-03-26,26,3,2024
312,313,324,Subscription,65.21,2024-01-22,22,1,2024
313,314,962,Subscription,14.65,2024-04-22,22,4,2024
314,315,544,Gems,96.08,2024-03-29,29,3,2024
315,316,869,Gems,10.76,2024-01-24,24,1,2024
316,317,613,Coins,9.67,2024-06-24,24,6,2024
317,318,930,Gems,48.47,2024-07-03,3,7,2024
318,319,730,Coins,74.43,2024-03-05,5,3,2024
319,320,737,Coins,28.93,2024-05-13,13,5,2024
320,321,658,Coins,99.28,2024-06-09,9,6,2024
321,322,372,Coins,59.9,2024-04-09,9,4,2024
322,323,764,Gems,87.75,2024-04-26,26,4,2024
323,324,198,Gems,26.02,2024-09-30,30,9,2024
324,325,602,Gems,35.23,2024-04-26,26,4,2024
325,326,650,Subscription,94.46,2024-02-18,18,2,2024
326,327,791,Subscription,86.53,2024-05-03,3,5,2024
327,328,95,Gems,39.3,2024-05-17,17,5,2024
328,329,58,Subscription,89.55,2024-03-27,27,3,2024
329,330,624,Coins,58.11,2024-01-11,11,1,2024
330,331,158,Gems,25.02,2024-04-28,28,4,2024
331,332,114,Subscription,51.5,2024-04-18,18,4,2024
332,333,333,Subscription,24.44,2024-05-02,2,5,2024
333,334,682,Subscription,71.16,2024-05-20,20,5,2024
334,335,956,Subscription,27.19,2024-01-24,24,1,2024
335,336,189,Coins,60.16,2024-02-29,29,2,2024
336,337,457,Gems,28.09,2024-07-24,24,7,2024
337,338,91,Coins,3.77,2024-01-05,5,1,2024
338,339,828,Coins,57.47,2024-06-24,24,6,2024
339,340,947,Gems,98.37,2024-04-06,6,4,2024
340,341,296,Coins,5.94,2024-02-07,7,2,2024
341,342,359,Gems,98.08,2024-05-25,25,5,2024
342,343,358,Coins,53.98,2024-07-09,9,7,2024
343,344,764,Subscription,37.17,2024-07-03,3,7,2024
344,345,499,Subscription,75.0,2024-07-28,28,7,2024
345,346,801,Coins,65.31,2024-09-14,14,9,2024
346,347,738,Subscription,67.67,2024-02-14,14,2,2024
347,348,204,Gems,85.75,2024-03-15,15,3,2024
348,349,909,Gems,86.8,2024-09-12,12,9,2024
349,350,354,Coins,91.46,2024-01-28,28,1,2024
350,351,128,Gems,69.43,2024-03-23,23,3,2024
351,352,261,Subscription,60.24,2024-05-26,26,5,2024
352,353,843,Subscription,57.12,2024-08-03,3,8,2024
353,354,397,Subscription,77.34,2024-07-01,1,7,2024
354,355,214,Coins,98.23,2024-05-16,16,5,2024
355,356,259,Subscription,17.79,2024-08-27,27,8,2024
356,357,881,Gems,8.55,2024-01-17,17,1,2024
357,358,458,Subscription,40.06,2024-05-22,22,5,2024
358,359,92,Gems,56.07,2024-07-27,27,7,2024
359,360,75,Gems,26.16,2024-03-28,28,3,2024
360,361,474,Gems,44.71,2024-04-10,10,4,2024
361,362,366,Gems,32.47,2024-06-10,10,6,2024
362,363,920,Gems,9.13,2024-08-21,21,8,2024
363,364,251,Subscription,77.53,2024-04-14,14,4,2024
364,365,731,Gems,14.19,2024-04-11,11,4,2024
365,366,590,Gems,1.11,2024-07-14,14,7,2024
366,367,891,Coins,77.2,2024-02-15,15,2,2024
367,368,992,Coins,95.66,2024-05-01,1,5,2024
368,369,777,Coins,18.04,2024-01-26,26,1,2024
369,370,271,Gems,50.18,2024-07-20,20,7,2024
370,371,121,Gems,92.91,2024-03-16,16,3,2024
371,372,250,Coins,36.81,2024-04-25,25,4,2024
372,373,999,Subscription,47.14,2024-02-22,22,2,2024
373,374,140,Coins,40.67,2024-06-13,13,6,2024
374,375,734,Coins,6.11,2024-03-19,19,3,2024
375,376,326,Coins,68.17,2024-07-11,11,7,2024
376,377,464,Coins,28.06,2024-01-21,21,1,2024
377,378,938,Gems,68.84,2024-06-16,16,6,2024
378,379,79,Gems,14.21,2024-01-18,18,1,2024
379,380,638,Coins,66.41,2024-03-17,17,3,2024
380,381,78,Subscription,62.84,2024-09-24,24,9,2024
381,382,705,Subscription,41.35,2024-02-23,23,2,2024
382,383,212,Coins,55.89,2024-03-04,4,3,2024
383,384,980,Gems,87.83,2024-07-12,12,7,2024
384,385,304,Coins,70.65,2024-04-20,20,4,2024
385,386,615,Subscription,2.22,2024-06-29,29,6,2024
386,387,328,Subscription,23.42,2024-01-04,4,1,2024
387,388,997,Subscription,44.55,2024-06-10,10,6,2024
388,389,156,Gems,11.75,2024-07-15,15,7,2024
389,390,298,Subscription,15.23,2024-01-03,3,1,2024
390,391,274,Subscription,98.85,2024-08-07,7,8,2024
391,392,878,Gems,1.8,2024-08-17,17,8,2024
392,393,585,Coins,54.04,2024-06-18,18,6,2024
393,394,943,Subscription,61.49,2024-04-10,10,4,2024
394,395,736,Gems,59.63,2024-05-11,11,5,2024
395,396,47,Subscription,15.07,2024-04-10,10,4,2024
396,397,902,Subscription,50.27,2024-07-01,1,7,2024
397,398,842,Coins,56.86,2024-06-22,22,6,2024
398,399,864,Subscription,84.21,2024-09-20,20,9,2024
399,400,624,Gems,30.01,2024-02-29,29,2,2024
400,401,216,Coins,31.76,2024-04-28,28,4,2024
401,402,713,Subscription,67.89,2024-04-23,23,4,2024
402,403,175,Subscription,18.5,2024-04-07,7,4,2024
403,404,528,Gems,3.62,2024-08-23,23,8,2024
404,405,676,Coins,1.66,2024-08-06,6,8,2024
405,406,357,Subscription,18.35,2024-07-15,15,7,2024
406,407,520,Coins,73.41,2024-04-13,13,4,2024
407,408,939,Subscription,92.94,2024-08-20,20,8,2024
408,409,255,Subscription,83.07,2024-01-04,4,1,2024
409,410,212,Subscription,12.56,2024-05-08,8,5,2024
410,411,247,Subscription,28.54,2024-05-11,11,5,2024
411,412,277,Gems,52.08,2024-08-07,7,8,2024
412,413,396,Subscription,60.66,2024-09-12,12,9,2024
413,414,809,Gems,48.81,2024-07-19,19,7,2024
414,415,699,Gems,17.25,2024-07-24,24,7,2024
415,416,752,Gems,49.82,2024-06-12,12,6,2024
416,417,910,Coins,15.73,2024-07-31,31,7,2024
417,418,765,Subscription,8.32,2024-02-07,7,2,2024
418,419,73,Coins,13.92,2024-02-15,15,2,2024
419,420,145,Coins,92.22,2024-08-11,11,8,2024
420,421,683,Coins,61.22,2024-04-05,5,4,2024
421,422,803,Subscription,32.58,2024-03-02,2,3,2024
422,423,396,Subscription,15.27,2024-01-15,15,1,2024
423,424,871,Coins,96.76,2024-04-11,11,4,2024
424,425,232,Subscription,17.62,2024-05-01,1,5,2024
425,426,138,Gems,51.0,2024-02-16,16,2,2024
426,427,765,Gems,74.86,2024-07-21,21,7,2024
427,428,70,Gems,6.06,2024-02-01,1,2,2024
428,429,331,Gems,72.67,2024-08-02,2,8,2024
429,430,514,Coins,21.04,2024-07-31,31,7,2024
430,431,596,Subscription,81.36,2024-02-07,7,2,2024
431,432,291,Gems,91.84,2024-03-25,25,3,2024
432,433,211,Subscription,15.92,2024-05-31,31,5,2024
433,434,420,Gems,80.89,2024-08-03,3,8,2024
434,435,399,Subscription,61.15,2024-04-09,9,4,2024
435,436,500,Subscription,60.71,2024-04-02,2,4,2024
436,437,259,Coins,11.93,2024-07-25,25,7,2024
437,438,996,Coins,6.43,2024-09-16,16,9,2024
438,439,803,Gems,64.22,2024-08-10,10,8,2024
439,440,736,Coins,14.18,2024-06-07,7,6,2024
440,441,729,Coins,24.17,2024-01-17,17,1,2024
441,442,697,Coins,81.33,2024-05-15,15,5,2024
442,443,957,Coins,6.65,2024-08-02,2,8,2024
443,444,727,Subscription,60.32,2024-03-24,24,3,2024
444,445,525,Gems,38.67,2024-05-23,23,5,2024
445,446,526,Gems,91.45,2024-09-07,7,9,2024
446,447,475,Coins,74.71,2024-04-26,26,4,2024
447,448,81,Coins,66.16,2024-04-10,10,4,2024
448,449,508,Subscription,83.45,2024-01-14,14,1,2024
449,450,549,Coins,75.24,2024-06-19,19,6,2024
450,451,558,Coins,99.31,2024-09-22,22,9,2024
451,452,732,Subscription,64.41,2024-01-21,21,1,2024
452,453,336,Subscription,28.95,2024-05-22,22,5,2024
453,454,238,Coins,18.04,2024-07-22,22,7,2024
454,455,868,Subscription,77.84,2024-03-22,22,3,2024
455,456,88,Coins,10.78,2024-02-27,27,2,2024
456,457,866,Gems,25.87,2024-04-25,25,4,2024
457,458,596,Subscription,84.66,2024-07-01,1,7,2024
458,459,756,Subscription,86.34,2024-05-04,4,5,2024
459,460,477,Subscription,69.33,2024-02-24,24,2,2024
460,461,647,Gems,88.78,2024-09-17,17,9,2024
461,462,377,Gems,88.98,2024-05-20,20,5,2024
462,463,563,Subscription,61.82,2024-06-27,27,6,2024
463,464,749,Gems,1.31,2024-07-06,6,7,2024
464,465,13,Subscription,42.81,2024-07-07,7,7,2024
465,466,839,Coins,51.82,2024-02-08,8,2,2024
466,467,759,Coins,47.59,2024-07-28,28,7,2024
467,468,462,Gems,36.9,2024-09-28,28,9,2024
468,469,922,Gems,28.7,2024-07-31,31,7,2024
469,470,529,Gems,5.44,2024-07-10,10,7,2024
470,471,889,Subscription,79.16,2024-08-02,2,8,2024
471,472,336,Coins,78.68,2024-05-16,16,5,2024
472,473,660,Gems,69.74,2024-04-19,19,4,2024
473,474,751,Gems,52.36,2024-03-10,10,3,2024
474,475,543,Gems,53.67,2024-01-21,21,1,2024
475,476,248,Subscription,25.84,2024-01-20,20,1,2024
476,477,808,Subscription,90.96,2024-07-13,13,7,2024
477,478,824,Subscription,64.15,2024-07-29,29,7,2024
478,479,608,Coins,94.98,2024-01-13,13,1,2024
479,480,628,Gems,50.2,2024-04-02,2,4,2024
480,481,53,Gems,25.97,2024-01-21,21,1,2024
481,482,716,Coins,28.58,2024-04-24,24,4,2024
482,483,523,Subscription,55.41,2024-05-08,8,5,2024
483,484,804,Gems,34.38,2024-04-06,6,4,2024
484,485,232,Coins,80.97,2024-09-20,20,9,2024
485,486,134,Coins,39.53,2024-04-14,14,4,2024
486,487,17,Gems,48.57,2024-06-03,3,6,2024
487,488,744,Subscription,55.11,2024-06-14,14,6,2024
488,489,705,Subscription,43.71,2024-02-29,29,2,2024
489,490,814,Subscription,75.65,2024-02-28,28,2,2024
490,491,284,Subscription,42.29,2024-04-07,7,4,2024
491,492,794,Coins,8.12,2024-02-08,8,2,2024
492,493,219,Gems,59.33,2024-03-31,31,3,2024
493,494,644,Gems,37.26,2024-08-03,3,8,2024
494,495,860,Subscription,79.47,2024-01-06,6,1,2024
495,496,740,Coins,89.47,2024-04-21,21,4,2024
496,497,739,Coins,39.52,2024-04-19,19,4,2024
497,498,59,Gems,26.38,2024-07-30,30,7,2024
498,499,163,Coins,16.22,2024-06-19,19,6,2024
499,500,632,Gems,84.82,2024-04-22,22,4,2024
500,501,683,Subscription,43.85,2024-06-11,11,6,2024
501,502,893,Gems,27.44,2024-07-27,27,7,2024
502,503,861,Gems,20.87,2024-08-31,31,8,2024
503,504,234,Coins,5.0,2024-03-24,24,3,2024
504,505,690,Coins,26.25,2024-06-13,13,6,2024
505,506,820,Coins,16.28,2024-05-06,6,5,2024
506,507,414,Gems,38.61,2024-07-07,7,7,2024
507,508,841,Subscription,76.91,2024-02-21,21,2,2024
508,509,765,Subscription,96.24,2024-04-17,17,4,2024
509,510,444,Coins,80.27,2024-09-17,17,9,2024
510,511,388,Subscription,61.13,2024-07-31,31,7,2024
511,512,319,Subscription,60.91,2024-06-24,24,6,2024
512,513,224,Coins,32.75,2024-02-19,19,2,2024
513,514,31,Coins,91.65,2024-08-14,14,8,2024
514,515,412,Subscription,80.14,2024-04-01,1,4,2024
515,516,352,Gems,97.25,2024-06-25,25,6,2024
516,517,622,Gems,95.12,2024-02-22,22,2,2024
517,518,867,Subscription,7.34,2024-03-05,5,3,2024
518,519,833,Subscription,82.37,2024-01-27,27,1,2024
519,520,266,Gems,77.35,2024-02-18,18,2,2024
520,521,665,Coins,27.01,2024-09-03,3,9,2024
521,522,144,Subscription,86.86,2024-08-22,22,8,2024
522,523,276,Subscription,22.15,2024-02-28,28,2,2024
523,524,497,Coins,1.94,2024-07-12,12,7,2024
524,525,829,Subscription,30.39,2024-01-17,17,1,2024
525,526,373,Subscription,88.14,2024-06-12,12,6,2024
526,527,978,Gems,36.58,2024-04-23,23,4,2024
527,528,276,Gems,30.99,2024-01-02,2,1,2024
528,529,115,Gems,31.66,2024-07-22,22,7,2024
529,530,994,Gems,1.41,2024-09-05,5,9,2024
530,531,664,Coins,72.79,2024-07-13,13,7,2024
531,532,982,Coins,80.06,2024-03-13,13,3,2024
532,533,598,Coins,48.89,2024-06-03,3,6,2024
533,534,562,Coins,20.93,2024-03-16,16,3,2024
534,535,61,Subscription,74.51,2024-01-09,9,1,2024
535,536,255,Subscription,87.79,2024-07-07,7,7,2024
536,537,396,Coins,10.55,2024-05-22,22,5,2024
537,538,958,Subscription,38.1,2024-01-31,31,1,2024
538,539,377,Gems,76.59,2024-03-18,18,3,2024
539,540,332,Coins,54.16,2024-03-07,7,3,2024
540,541,998,Coins,66.53,2024-05-28,28,5,2024
541,542,427,Coins,38.65,2024-04-27,27,4,2024
542,543,448,Gems,27.51,2024-09-05,5,9,2024
543,544,543,Coins,27.89,2024-06-30,30,6,2024
544,545,1000,Subscription,78.67,2024-09-19,19,9,2024
545,546,394,Coins,31.64,2024-04-04,4,4,2024
546,547,419,Subscription,51.86,2024-08-28,28,8,2024
547,548,607,Coins,70.01,2024-09-27,27,9,2024
548,549,371,Coins,89.91,2024-08-27,27,8,2024
549,550,172,Subscription,71.15,2024-04-04,4,4,2024
550,551,365,Subscription,75.62,2024-07-14,14,7,2024
551,552,677,Gems,66.83,2024-03-22,22,3,2024
552,553,167,Subscription,81.19,2024-05-30,30,5,2024
553,554,463,Subscription,38.76,2024-09-13,13,9,2024
554,555,254,Gems,5.83,2024-06-02,2,6,2024
555,556,160,Coins,97.31,2024-09-16,16,9,2024
556,557,471,Gems,45.54,2024-08-05,5,8,2024
557,558,78,Gems,9.71,2024-02-16,16,2,2024
558,559,992,Subscription,68.81,2024-09-02,2,9,2024
559,560,370,Coins,21.92,2024-03-15,15,3,2024
560,561,262,Gems,26.77,2024-02-07,7,2,2024
561,562,876,Gems,36.07,2024-08-15,15,8,2024
562,563,335,Subscription,55.87,2024-05-31,31,5,2024
563,564,893,Gems,20.84,2024-03-01,1,3,2024
564,565,11,Coins,53.78,2024-02-15,15,2,2024
565,566,210,Subscription,85.02,2024-07-12,12,7,2024
566,567,122,Coins,14.2,2024-04-15,15,4,2024
567,568,459,Coins,78.5,2024-09-15,15,9,2024
568,569,13,Coins,53.85,2024-09-24,24,9,2024
569,570,718,Gems,42.1,2024-08-26,26,8,2024
570,571,145,Gems,57.1,2024-03-11,11,3,2024
571,572,77,Gems,22.93,2024-04-02,2,4,2024
572,573,878,Gems,63.79,2024-08-09,9,8,2024
573,574,997,Coins,60.36,2024-03-09,9,3,2024
574,575,70,Subscription,33.11,2024-02-29,29,2,2024
575,576,822,Gems,44.76,2024-07-08,8,7,2024
576,577,164,Gems,77.68,2024-06-13,13,6,2024
577,578,982,Subscription,85.65,2024-05-05,5,5,2024
578,579,139,Coins,17.74,2024-06-12,12,6,2024
579,580,848,Gems,57.4,2024-07-02,2,7,2024
580,581,186,Subscription,93.88,2024-08-28,28,8,2024
581,582,722,Gems,71.69,2024-01-25,25,1,2024
582,583,634,Gems,43.61,2024-08-23,23,8,2024
583,584,211,Subscription,61.63,2024-05-08,8,5,2024
584,585,696,Gems,3.44,2024-03-07,7,3,2024
585,586,152,Subscription,97.37,2024-04-29,29,4,2024
586,587,680,Coins,88.73,2024-09-04,4,9,2024
587,588,353,Subscription,47.45,2024-08-05,5,8,2024
588,589,532,Subscription,85.14,2024-09-01,1,9,2024
589,590,456,Subscription,59.32,2024-07-17,17,7,2024
590,591,141,Coins,70.15,2024-08-06,6,8,2024
591,592,713,Subscription,93.45,2024-01-28,28,1,2024
592,593,589,Coins,90.83,2024-06-19,19,6,2024
593,594,277,Subscription,23.36,2024-02-05,5,2,2024
594,595,386,Subscription,4.0,2024-06-03,3,6,2024
595,596,562,Coins,57.79,2024-02-26,26,2,2024
596,597,373,Coins,10.53,2024-01-19,19,1,2024
597,598,615,Subscription,92.46,2024-06-20,20,6,2024
598,599,682,Coins,79.13,2024-01-16,16,1,2024
599,600,541,Subscription,71.2,2024-02-12,12,2,2024
600,601,487,Gems,87.7,2024-07-07,7,7,2024
601,602,733,Coins,10.46,2024-04-08,8,4,2024
602,603,50,Subscription,16.67,2024-09-12,12,9,2024
603,604,619,Gems,9.26,2024-06-30,30,6,2024
604,605,165,Subscription,29.89,2024-03-15,15,3,2024
605,606,800,Gems,43.58,2024-01-03,3,1,2024
606,607,198,Subscription,39.0,2024-03-11,11,3,2024
607,608,916,Gems,57.66,2024-06-05,5,6,2024
608,609,905,Gems,27.67,2024-07-03,3,7,2024
609,610,933,Gems,54.58,2024-09-19,19,9,2024
610,611,66,Gems,7.11,2024-02-25,25,2,2024
611,612,401,Gems,59.86,2024-01-06,6,1,2024
612,613,209,Gems,4.24,2024-04-26,26,4,2024
613,614,637,Gems,4.24,2024-08-09,9,8,2024
614,615,227,Gems,48.83,2024-08-06,6,8,2024
615,616,157,Subscription,27.53,2024-06-17,17,6,2024
616,617,748,Subscription,27.22,2024-04-18,18,4,2024
617,618,108,Gems,35.0,2024-09-17,17,9,2024
618,619,507,Subscription,57.21,2024-08-21,21,8,2024
619,620,342,Subscription,74.63,2024-06-01,1,6,2024
620,621,154,Gems,46.99,2024-06-04,4,6,2024
621,622,67,Gems,64.21,2024-04-19,19,4,2024
622,623,687,Gems,22.35,2024-02-07,7,2,2024
623,624,346,Gems,16.07,2024-01-18,18,1,2024
624,625,398,Coins,47.98,2024-05-21,21,5,2024
625,626,625,Subscription,59.74,2024-09-09,9,9,2024
626,627,619,Coins,46.59,2024-09-20,20,9,2024
627,628,877,Coins,28.42,2024-03-31,31,3,2024
628,629,555,Subscription,74.33,2024-06-17,17,6,2024
629,630,548,Coins,65.21,2024-08-11,11,8,2024
630,631,745,Coins,70.89,2024-07-28,28,7,2024
631,632,323,Gems,68.37,2024-04-12,12,4,2024
632,633,30,Gems,20.63,2024-08-02,2,8,2024
633,634,545,Subscription,24.58,2024-05-02,2,5,2024
634,635,38,Gems,60.87,2024-01-30,30,1,2024
635,636,937,Subscription,36.29,2024-04-22,22,4,2024
636,637,724,Gems,38.69,2024-03-31,31,3,2024
637,638,616,Subscription,65.54,2024-01-13,13,1,2024
638,639,491,Gems,68.06,2024-06-14,14,6,2024
639,640,313,Coins,79.21,2024-03-19,19,3,2024
640,641,318,Gems,96.96,2024-05-28,28,5,2024
641,642,677,Gems,10.79,2024-09-13,13,9,2024
642,643,260,Subscription,11.63,2024-04-27,27,4,2024
643,644,155,Subscription,80.67,2024-07-02,2,7,2024
644,645,628,Gems,38.42,2024-05-16,16,5,2024
645,646,880,Coins,6.35,2024-08-13,13,8,2024
646,647,466,Gems,79.43,2024-05-24,24,5,2024
647,648,473,Coins,3.03,2024-02-18,18,2,2024
648,649,484,Subscription,46.18,2024-09-29,29,9,2024
649,650,900,Gems,71.95,2024-04-27,27,4,2024
650,651,57,Coins,30.57,2024-02-29,29,2,2024
651,652,415,Subscription,35.7,2024-08-11,11,8,2024
652,653,172,Gems,18.26,2024-06-01,1,6,2024
653,654,489,Gems,91.45,2024-08-04,4,8,2024
654,655,15,Coins,20.42,2024-05-31,31,5,2024
655,656,888,Subscription,38.41,2024-06-09,9,6,2024
656,657,702,Subscription,5.72,2024-01-27,27,1,2024
657,658,769,Coins,90.18,2024-07-21,21,7,2024
658,659,993,Gems,1.99,2024-01-03,3,1,2024
659,660,682,Gems,83.58,2024-05-14,14,5,2024
660,661,23,Coins,59.12,2024-03-02,2,3,2024
661,662,386,Gems,94.91,2024-03-18,18,3,2024
662,663,345,Gems,97.91,2024-01-27,27,1,2024
663,664,758,Coins,13.53,2024-07-20,20,7,2024
664,665,424,Subscription,17.3,2024-07-01,1,7,2024
665,666,174,Subscription,11.09,2024-05-13,13,5,2024
666,667,33,Subscription,69.92,2024-06-01,1,6,2024
667,668,472,Coins,97.61,2024-07-22,22,7,2024
668,669,804,Subscription,26.24,2024-08-02,2,8,2024
669,670,510,Gems,72.83,2024-09-16,16,9,2024
670,671,604,Coins,45.5,2024-03-07,7,3,2024
671,672,641,Coins,51.99,2024-08-24,24,8,2024
672,673,71,Gems,46.89,2024-04-08,8,4,2024
673,674,985,Subscription,46.98,2024-03-30,30,3,2024
674,675,177,Subscription,85.73,2024-08-28,28,8,2024
675,676,318,Gems,47.73,2024-05-30,30,5,2024
676,677,991,Coins,73.84,2024-09-30,30,9,2024
677,678,822,Coins,31.33,2024-07-16,16,7,2024
678,679,151,Gems,65.89,2024-07-10,10,7,2024
679,680,183,Coins,80.25,2024-01-24,24,1,2024
680,681,811,Coins,1.52,2024-09-02,2,9,2024
681,682,493,Subscription,60.51,2024-02-26,26,2,2024
682,683,737,Subscription,65.5,2024-08-19,19,8,2024
683,684,598,Gems,33.34,2024-01-26,26,1,2024
684,685,489,Coins,87.74,2024-08-26,26,8,2024
685,686,751,Coins,19.58,2024-06-20,20,6,2024
686,687,939,Gems,38.8,2024-01-25,25,1,2024
687,688,122,Subscription,86.48,2024-06-16,16,6,2024
688,689,626,Gems,55.96,2024-09-17,17,9,2024
689,690,534,Gems,57.16,2024-04-17,17,4,2024
690,691,289,Subscription,27.85,2024-06-06,6,6,2024
691,692,360,Coins,53.62,2024-03-10,10,3,2024
692,693,343,Coins,86.44,2024-01-12,12,1,2024
693,694,518,Subscription,49.11,2024-05-02,2,5,2024
694,695,827,Subscription,80.75,2024-01-29,29,1,2024
695,696,342,Gems,8.94,2024-07-04,4,7,2024
696,697,349,Coins,7.05,2024-03-11,11,3,2024
697,698,277,Coins,78.69,2024-02-10,10,2,2024
698,699,724,Subscription,27.56,2024-01-03,3,1,2024
699,700,57,Gems,13.79,2024-01-28,28,1,2024
700,701,761,Coins,63.47,2024-02-16,16,2,2024
701,702,454,Subscription,75.6,2024-08-26,26,8,2024
702,703,574,Gems,52.75,2024-05-25,25,5,2024
703,704,56,Coins,1.07,2024-07-29,29,7,2024
704,705,778,Coins,84.78,2024-07-08,8,7,2024
705,706,587,Gems,67.19,2024-02-03,3,2,2024
706,707,436,Gems,69.3,2024-04-26,26,4,2024
707,708,496,Gems,64.47,2024-08-27,27,8,2024
708,709,78,Subscription,70.16,2024-07-11,11,7,2024
709,710,92,Coins,81.31,2024-02-14,14,2,2024
710,711,640,Subscription,37.8,2024-05-29,29,5,2024
711,712,50,Coins,81.2,2024-01-21,21,1,2024
712,713,883,Subscription,66.82,2024-05-03,3,5,2024
713,714,961,Coins,65.94,2024-07-25,25,7,2024
714,715,197,Subscription,38.63,2024-08-08,8,8,2024
715,716,279,Gems,55.43,2024-08-30,30,8,2024
716,717,4,Subscription,3.79,2024-09-28,28,9,2024
717,718,836,Subscription,31.97,2024-04-12,12,4,2024
718,719,677,Subscription,4.77,2024-04-03,3,4,2024
719,720,430,Coins,88.92,2024-07-08,8,7,2024
720,721,99,Subscription,51.9,2024-06-02,2,6,2024
721,722,99,Coins,84.18,2024-09-05,5,9,2024
722,723,245,Subscription,44.87,2024-03-10,10,3,2024
723,724,812,Coins,39.43,2024-07-30,30,7,2024
724,725,671,Subscription,3.48,2024-03-19,19,3,2024
725,726,459,Coins,21.09,2024-01-02,2,1,2024
726,727,126,Coins,44.54,2024-09-12,12,9,2024
727,728,458,Subscription,57.9,2024-03-05,5,3,2024
728,729,123,Gems,74.9,2024-08-23,23,8,2024
729,730,927,Coins,95.93,2024-03-12,12,3,2024
730,731,911,Gems,22.76,2024-05-18,18,5,2024
731,732,275,Coins,40.57,2024-05-08,8,5,2024
732,733,996,Coins,35.69,2024-08-14,14,8,2024
733,734,814,Subscription,74.98,2024-04-05,5,4,2024
734,735,597,Gems,93.83,2024-03-01,1,3,2024
735,736,719,Gems,44.43,2024-09-17,17,9,2024
736,737,978,Coins,98.76,2024-09-02,2,9,2024
737,738,203,Coins,42.44,2024-01-30,30,1,2024
738,739,865,Subscription,5.17,2024-07-31,31,7,2024
739,740,786,Gems,59.75,2024-01-24,24,1,2024
740,741,364,Coins,8.33,2024-08-30,30,8,2024
741,742,175,Gems,23.9,2024-05-13,13,5,2024
742,743,868,Coins,45.2,2024-01-13,13,1,2024
743,744,329,Gems,44.37,2024-08-26,26,8,2024
744,745,69,Subscription,48.43,2024-06-30,30,6,2024
745,746,65,Coins,23.32,2024-06-01,1,6,2024
746,747,463,Gems,35.22,2024-09-01,1,9,2024
747,748,567,Coins,24.27,2024-03-22,22,3,2024
748,749,977,Subscription,49.4,2024-09-19,19,9,2024
749,750,869,Gems,37.24,2024-08-24,24,8,2024
750,751,475,Subscription,57.68,2024-04-08,8,4,2024
751,752,150,Coins,4.7,2024-04-14,14,4,2024
752,753,245,Subscription,60.33,2024-07-09,9,7,2024
753,754,299,Gems,57.88,2024-08-19,19,8,2024
754,755,412,Subscription,65.3,2024-03-31,31,3,2024
755,756,341,Subscription,42.09,2024-06-03,3,6,2024
756,757,257,Coins,86.61,2024-02-22,22,2,2024
757,758,889,Coins,10.77,2024-07-21,21,7,2024
758,759,322,Gems,8.54,2024-04-28,28,4,2024
759,760,220,Subscription,35.1,2024-08-17,17,8,2024
760,761,285,Subscription,58.26,2024-04-19,19,4,2024
761,762,228,Coins,64.83,2024-05-07,7,5,2024
762,763,562,Subscription,79.3,2024-08-03,3,8,2024
763,764,254,Gems,25.27,2024-06-05,5,6,2024
764,765,716,Gems,61.58,2024-08-28,28,8,2024
765,766,162,Coins,42.82,2024-06-03,3,6,2024
766,767,36,Gems,76.65,2024-09-27,27,9,2024
767,768,363,Gems,61.76,2024-08-08,8,8,2024
768,769,690,Gems,48.34,2024-09-26,26,9,2024
769,770,764,Coins,43.94,2024-02-26,26,2,2024
770,771,577,Coins,86.22,2024-07-26,26,7,2024
771,772,699,Subscription,37.93,2024-09-01,1,9,2024
772,773,343,Coins,47.62,2024-05-11,11,5,2024
773,774,415,Gems,45.19,2024-04-29,29,4,2024
774,775,941,Coins,84.26,2024-09-28,28,9,2024
775,776,39,Gems,17.52,2024-01-19,19,1,2024
776,777,638,Coins,8.74,2024-03-23,23,3,2024
777,778,785,Coins,85.51,2024-05-26,26,5,2024
778,779,55,Coins,88.35,2024-07-03,3,7,2024
779,780,815,Gems,25.59,2024-07-02,2,7,2024
780,781,792,Coins,59.79,2024-06-18,18,6,2024
781,782,203,Coins,30.2,2024-01-16,16,1,2024
782,783,459,Coins,63.07,2024-05-26,26,5,2024
783,784,171,Gems,34.97,2024-01-20,20,1,2024
784,785,60,Subscription,97.06,2024-05-29,29,5,2024
785,786,55,Gems,4.06,2024-06-03,3,6,2024
786,787,335,Gems,74.25,2024-01-06,6,1,2024
787,788,379,Subscription,1.55,2024-09-15,15,9,2024
788,789,778,Coins,35.49,2024-07-14,14,7,2024
789,790,12,Subscription,75.27,2024-03-10,10,3,2024
790,791,725,Gems,31.05,2024-09-17,17,9,2024
791,792,655,Subscription,51.88,2024-01-28,28,1,2024
792,793,207,Coins,92.5,2024-03-29,29,3,2024
793,794,449,Subscription,97.61,2024-05-03,3,5,2024
794,795,559,Coins,2.79,2024-04-18,18,4,2024
795,796,139,Subscription,5.6,2024-06-27,27,6,2024
796,797,188,Subscription,86.05,2024-06-12,12,6,2024
797,798,509,Coins,43.53,2024-03-23,23,3,2024
798,799,961,Coins,14.8,2024-09-19,19,9,2024
799,800,257,Subscription,82.1,2024-03-17,17,3,2024
800,801,973,Subscription,76.26,2024-06-28,28,6,2024
801,802,611,Coins,26.17,2024-06-06,6,6,2024
802,803,285,Subscription,7.29,2024-06-05,5,6,2024
803,804,563,Coins,21.26,2024-06-29,29,6,2024
804,805,332,Subscription,88.73,2024-01-27,27,1,2024
805,806,399,Subscription,10.67,2024-02-20,20,2,2024
806,807,741,Subscription,32.49,2024-05-19,19,5,2024
807,808,744,Gems,86.91,2024-09-27,27,9,2024
808,809,703,Coins,66.59,2024-01-23,23,1,2024
809,810,645,Subscription,52.6,2024-01-23,23,1,2024
810,811,191,Coins,91.87,2024-06-22,22,6,2024
811,812,690,Gems,10.2,2024-02-07,7,2,2024
812,813,84,Coins,16.09,2024-06-23,23,6,2024
813,814,142,Subscription,88.46,2024-07-12,12,7,2024
814,815,156,Subscription,25.51,2024-08-12,12,8,2024
815,816,405,Subscription,67.34,2024-05-25,25,5,2024
816,817,824,Coins,48.64,2024-06-12,12,6,2024
817,818,430,Subscription,38.8,2024-05-05,5,5,2024
818,819,854,Coins,25.32,2024-04-23,23,4,2024
819,820,755,Coins,3.65,2024-05-08,8,5,2024
820,821,251,Gems,1.75,2024-01-20,20,1,2024
821,822,814,Gems,72.19,2024-01-14,14,1,2024
822,823,91,Coins,19.87,2024-08-10,10,8,2024
823,824,911,Gems,73.41,2024-01-10,10,1,2024
824,825,109,Coins,44.27,2024-08-18,18,8,2024
825,826,986,Gems,79.72,2024-03-10,10,3,2024
826,827,87,Gems,6.87,2024-04-22,22,4,2024
827,828,966,Gems,46.42,2024-04-07,7,4,2024
828,829,390,Subscription,54.22,2024-01-17,17,1,2024
829,830,324,Coins,97.63,2024-03-08,8,3,2024
830,831,605,Subscription,10.22,2024-09-19,19,9,2024
831,832,449,Gems,98.27,2024-09-05,5,9,2024
832,833,769,Subscription,37.06,2024-08-21,21,8,2024
833,834,828,Gems,31.01,2024-04-09,9,4,2024
834,835,239,Gems,64.84,2024-01-22,22,1,2024
835,836,243,Coins,11.96,2024-06-25,25,6,2024
836,837,439,Gems,45.17,2024-09-22,22,9,2024
837,838,424,Gems,78.79,2024-03-25,25,3,2024
838,839,997,Subscription,79.14,2024-07-21,21,7,2024
839,840,822,Gems,79.37,2024-05-19,19,5,2024
840,841,823,Gems,37.11,2024-03-09,9,3,2024
841,842,926,Subscription,52.33,2024-05-25,25,5,2024
842,843,697,Coins,25.68,2024-05-14,14,5,2024
843,844,163,Subscription,78.07,2024-06-11,11,6,2024
844,845,5,Subscription,38.95,2024-06-02,2,6,2024
845,846,144,Coins,21.77,2024-05-11,11,5,2024
846,847,66,Subscription,28.99,2024-01-30,30,1,2024
847,848,13,Coins,21.29,2024-09-08,8,9,2024
848,849,791,Gems,46.74,2024-08-03,3,8,2024
849,850,505,Coins,14.27,2024-09-30,30,9,2024
850,851,566,Coins,73.14,2024-07-13,13,7,2024
851,852,872,Coins,61.62,2024-04-29,29,4,2024
852,853,191,Subscription,34.94,2024-02-18,18,2,2024
853,854,31,Subscription,87.81,2024-03-10,10,3,2024
854,855,130,Coins,85.56,2024-08-11,11,8,2024
855,856,292,Coins,95.78,2024-04-24,24,4,2024
856,857,281,Gems,23.14,2024-09-08,8,9,2024
857,858,42,Subscription,81.43,2024-05-29,29,5,2024
858,859,982,Coins,72.45,2024-04-26,26,4,2024
859,860,485,Gems,52.62,2024-04-14,14,4,2024
860,861,280,Coins,30.32,2024-04-19,19,4,2024
861,862,529,Gems,12.88,2024-07-05,5,7,2024
862,863,42,Coins,46.06,2024-02-02,2,2,2024
863,864,961,Coins,47.95,2024-08-02,2,8,2024
864,865,237,Coins,96.12,2024-08-26,26,8,2024
865,866,998,Subscription,98.49,2024-01-06,6,1,2024
866,867,336,Subscription,1.71,2024-03-09,9,3,2024
867,868,890,Coins,39.38,2024-02-05,5,2,2024
868,869,719,Gems,17.79,2024-07-15,15,7,2024
869,870,277,Gems,59.25,2024-06-22,22,6,2024
870,871,343,Coins,41.45,2024-08-15,15,8,2024
871,872,303,Coins,21.55,2024-01-12,12,1,2024
872,873,317,Subscription,96.52,2024-08-28,28,8,2024
873,874,231,Subscription,27.41,2024-01-18,18,1,2024
874,875,107,Coins,59.15,2024-06-08,8,6,2024
875,876,895,Coins,69.69,2024-04-10,10,4,2024
876,877,809,Gems,53.14,2024-07-13,13,7,2024
877,878,833,Subscription,82.29,2024-04-25,25,4,2024
878,879,266,Gems,52.32,2024-03-17,17,3,2024
879,880,317,Gems,95.04,2024-03-05,5,3,2024
880,881,858,Subscription,7.02,2024-04-05,5,4,2024
881,882,807,Gems,3.0,2024-03-04,4,3,2024
882,883,209,Subscription,45.22,2024-07-10,10,7,2024
883,884,548,Gems,1.63,2024-06-21,21,6,2024
884,885,807,Subscription,35.59,2024-07-29,29,7,2024
885,886,5,Gems,9.41,2024-08-13,13,8,2024
886,887,59,Subscription,8.53,2024-09-16,16,9,2024
887,888,638,Gems,96.26,2024-05-01,1,5,2024
888,889,953,Coins,92.38,2024-05-28,28,5,2024
889,890,636,Gems,12.18,2024-08-15,15,8,2024
890,891,215,Gems,24.06,2024-05-21,21,5,2024
891,892,419,Subscription,41.93,2024-04-13,13,4,2024
892,893,866,Coins,51.12,2024-05-16,16,5,2024
893,894,829,Subscription,69.42,2024-05-23,23,5,2024
894,895,984,Coins,45.46,2024-05-02,2,5,2024
895,896,13,Gems,13.58,2024-03-27,27,3,2024
896,897,373,Gems,93.35,2024-01-01,1,1,2024
897,898,490,Coins,12.93,2024-05-23,23,5,2024
898,899,761,Coins,31.03,2024-02-05,5,2,2024
899,900,963,Gems,74.08,2024-07-10,10,7,2024
900,901,406,Subscription,60.57,2024-08-02,2,8,2024
901,902,574,Gems,71.47,2024-06-10,10,6,2024
902,903,923,Subscription,48.48,2024-07-12,12,7,2024
903,904,134,Subscription,76.65,2024-08-29,29,8,2024
904,905,656,Coins,32.82,2024-06-02,2,6,2024
905,906,684,Coins,46.06,2024-03-09,9,3,2024
906,907,143,Gems,23.44,2024-03-30,30,3,2024
907,908,846,Subscription,1.36,2024-05-16,16,5,2024
908,909,734,Subscription,92.95,2024-09-10,10,9,2024
909,910,788,Coins,50.62,2024-06-16,16,6,2024
910,911,641,Subscription,84.95,2024-02-28,28,2,2024
911,912,491,Subscription,23.78,2024-04-04,4,4,2024
912,913,82,Subscription,32.69,2024-03-27,27,3,2024
913,914,753,Gems,50.48,2024-04-11,11,4,2024
914,915,163,Subscription,39.55,2024-01-09,9,1,2024
915,916,660,Coins,41.71,2024-05-23,23,5,2024
916,917,172,Coins,57.68,2024-01-15,15,1,2024
917,918,872,Gems,79.27,2024-05-31,31,5,2024
918,919,169,Subscription,16.18,2024-09-06,6,9,2024
919,920,56,Gems,26.48,2024-02-04,4,2,2024
920,921,64,Coins,51.66,2024-06-27,27,6,2024
921,922,714,Subscription,88.83,2024-01-24,24,1,2024
922,923,229,Subscription,36.37,2024-05-27,27,5,2024
923,924,716,Gems,69.08,2024-03-18,18,3,2024
924,925,912,Gems,25.38,2024-05-25,25,5,2024
925,926,858,Subscription,54.33,2024-02-01,1,2,2024
926,927,106,Gems,54.44,2024-02-10,10,2,2024
927,928,969,Subscription,86.91,2024-08-14,14,8,2024
928,929,226,Subscription,58.43,2024-03-01,1,3,2024
929,930,411,Gems,1.88,2024-03-20,20,3,2024
930,931,589,Coins,45.63,2024-03-23,23,3,2024
931,932,577,Gems,63.33,2024-08-02,2,8,2024
932,933,503,Subscription,14.35,2024-07-03,3,7,2024
933,934,3,Subscription,58.96,2024-08-14,14,8,2024
934,935,757,Subscription,88.0,2024-01-19,19,1,2024
935,936,673,Subscription,96.38,2024-07-10,10,7,2024
936,937,166,Coins,31.19,2024-01-11,11,1,2024
937,938,181,Coins,8.61,2024-06-27,27,6,2024
938,939,609,Gems,94.47,2024-03-07,7,3,2024
939,940,697,Gems,53.92,2024-02-24,24,2,2024
940,941,66,Gems,67.87,2024-01-07,7,1,2024
941,942,85,Coins,84.98,2024-04-29,29,4,2024
942,943,508,Subscription,29.34,2024-01-16,16,1,2024
943,944,530,Gems,20.54,2024-01-29,29,1,2024
944,945,800,Coins,75.62,2024-08-25,25,8,2024
945,946,653,Coins,31.49,2024-07-11,11,7,2024
946,947,655,Subscription,80.81,2024-06-20,20,6,2024
947,948,252,Gems,33.62,2024-08-16,16,8,2024
948,949,80,Subscription,34.76,2024-06-08,8,6,2024
949,950,31,Gems,19.23,2024-09-02,2,9,2024
950,951,199,Coins,88.74,2024-02-27,27,2,2024
951,952,207,Subscription,36.74,2024-03-21,21,3,2024
952,953,475,Gems,6.96,2024-06-02,2,6,2024
953,954,205,Gems,37.68,2024-04-22,22,4,2024
954,955,895,Subscription,45.67,2024-08-22,22,8,2024
955,956,614,Gems,7.42,2024-06-13,13,6,2024
956,957,647,Gems,90.58,2024-07-17,17,7,2024
957,958,331,Subscription,66.77,2024-05-13,13,5,2024
958,959,7,Coins,67.19,2024-03-17,17,3,2024
959,960,312,Subscription,78.48,2024-07-06,6,7,2024
960,961,858,Coins,54.42,2024-07-16,16,7,2024
961,962,230,Coins,14.3,2024-05-17,17,5,2024
962,963,975,Coins,74.16,2024-02-27,27,2,2024
963,964,899,Gems,38.79,2024-09-10,10,9,2024
964,965,722,Subscription,3.68,2024-07-02,2,7,2024
965,966,761,Subscription,77.32,2024-05-05,5,5,2024
966,967,435,Subscription,69.27,2024-05-24,24,5,2024
967,968,974,Subscription,61.33,2024-07-01,1,7,2024
968,969,9,Subscription,39.67,2024-01-28,28,1,2024
969,970,239,Coins,10.39,2024-01-31,31,1,2024
970,971,474,Gems,69.7,2024-06-29,29,6,2024
971,972,65,Gems,82.72,2024-01-16,16,1,2024
972,973,545,Gems,84.64,2024-02-05,5,2,2024
973,974,331,Coins,43.13,2024-03-16,16,3,2024
974,975,494,Coins,88.19,2024-04-12,12,4,2024
975,976,610,Subscription,85.76,2024-06-21,21,6,2024
976,977,744,Subscription,12.58,2024-01-26,26,1,2024
977,978,369,Subscription,47.32,2024-06-13,13,6,2024
978,979,950,Gems,95.82,2024-09-09,9,9,2024
979,980,510,Coins,19.8,2024-03-14,14,3,2024
980,981,890,Gems,44.71,2024-02-05,5,2,2024
981,982,359,Gems,62.53,2024-09-22,22,9,2024
982,983,613,Coins,40.42,2024-01-13,13,1,2024
983,984,521,Coins,79.87,2024-04-18,18,4,2024
984,985,614,Subscription,73.24,2024-08-24,24,8,2024
985,986,466,Coins,2.04,2024-06-10,10,6,2024
986,987,415,Gems,31.64,2024-06-01,1,6,2024
987,988,352,Coins,22.0,2024-02-09,9,2,2024
988,989,98,Subscription,57.71,2024-02-15,15,2,2024
989,990,683,Gems,58.14,2024-08-03,3,8,2024
990,991,731,Subscription,22.71,2024-07-20,20,7,2024
991,992,207,Gems,96.98,2024-02-02,2,2,2024
992,993,159,Gems,89.38,2024-04-22,22,4,2024
993,994,369,Subscription,43.73,2024-09-21,21,9,2024
994,995,544,Subscription,2.37,2024-08-29,29,8,2024
995,996,252,Subscription,9.24,2024-02-25,25,2,2024
996,997,65,Coins,73.64,2024-06-17,17,6,2024
997,998,380,Coins,22.89,2024-02-26,26,2,2024
998,999,223,Coins,81.12,2024-05-29,29,5,2024
999,1000,413,Subscription,57.01,2024-04-16,16,4,2024
1000,1001,740,Subscription,75.68,2024-05-16,16,5,2024
1001,1002,333,Coins,41.07,2024-06-06,6,6,2024
1002,1003,359,Subscription,4.11,2024-07-29,29,7,2024
1003,1004,896,Coins,99.7,2024-07-11,11,7,2024
1004,1005,911,Subscription,18.74,2024-05-18,18,5,2024
1005,1006,384,Subscription,70.38,2024-08-13,13,8,2024
1006,1007,852,Gems,40.87,2024-08-12,12,8,2024
1007,1008,881,Subscription,56.14,2024-06-26,26,6,2024
1008,1009,768,Gems,87.75,2024-08-29,29,8,2024
1009,1010,589,Subscription,72.29,2024-04-03,3,4,2024
1010,1011,773,Gems,79.73,2024-02-03,3,2,2024
1011,1012,981,Gems,33.53,2024-03-09,9,3,2024
1012,1013,745,Coins,28.69,2024-06-24,24,6,2024
1013,1014,18,Subscription,24.86,2024-09-11,11,9,2024
1014,1015,347,Coins,14.94,2024-08-11,11,8,2024
1015,1016,897,Coins,90.5,2024-05-29,29,5,2024
1016,1017,956,Subscription,94.59,2024-08-14,14,8,2024
1017,1018,220,Subscription,50.05,2024-01-08,8,1,2024
1018,1019,623,Subscription,60.24,2024-06-07,7,6,2024
1019,1020,513,Coins,17.01,2024-06-08,8,6,2024
1020,1021,93,Subscription,18.29,2024-05-26,26,5,2024
1021,1022,236,Coins,3.06,2024-05-29,29,5,2024
1022,1023,712,Coins,18.6,2024-05-24,24,5,2024
1023,1024,864,Gems,19.7,2024-03-06,6,3,2024
1024,1025,582,Subscription,94.66,2024-05-04,4,5,2024
1025,1026,998,Coins,1.01,2024-02-28,28,2,2024
1026,1027,92,Gems,56.82,2024-01-23,23,1,2024
1027,1028,825,Coins,11.4,2024-03-10,10,3,2024
1028,1029,501,Coins,68.08,2024-05-23,23,5,2024
1029,1030,106,Gems,69.43,2024-05-17,17,5,2024
1030,1031,620,Gems,40.87,2024-08-08,8,8,2024
1031,1032,628,Gems,91.55,2024-02-28,28,2,2024
1032,1033,498,Coins,67.82,2024-05-05,5,5,2024
1033,1034,415,Gems,69.43,2024-04-13,13,4,2024
1034,1035,1000,Gems,2.05,2024-03-14,14,3,2024
1035,1036,78,Subscription,60.43,2024-04-04,4,4,2024
1036,1037,246,Gems,50.45,2024-02-04,4,2,2024
1037,1038,738,Gems,30.51,2024-06-09,9,6,2024
1038,1039,338,Gems,40.38,2024-07-25,25,7,2024
1039,1040,66,Gems,17.93,2024-03-05,5,3,2024
1040,1041,441,Gems,92.15,2024-06-29,29,6,2024
1041,1042,608,Gems,88.6,2024-03-16,16,3,2024
1042,1043,946,Subscription,70.71,2024-09-06,6,9,2024
1043,1044,911,Coins,54.73,2024-07-16,16,7,2024
1044,1045,224,Subscription,29.78,2024-02-12,12,2,2024
1045,1046,229,Gems,87.63,2024-09-04,4,9,2024
1046,1047,638,Subscription,4.66,2024-09-29,29,9,2024
1047,1048,523,Subscription,4.0,2024-02-21,21,2,2024
1048,1049,982,Gems,42.75,2024-09-04,4,9,2024
1049,1050,125,Subscription,8.78,2024-08-07,7,8,2024
1050,1051,987,Gems,96.73,2024-03-17,17,3,2024
1051,1052,292,Subscription,12.88,2024-04-17,17,4,2024
1052,1053,67,Subscription,28.18,2024-01-09,9,1,2024
1053,1054,487,Subscription,60.23,2024-07-29,29,7,2024
1054,1055,154,Coins,1.36,2024-04-27,27,4,2024
1055,1056,404,Gems,51.39,2024-02-06,6,2,2024
1056,1057,390,Gems,76.01,2024-05-21,21,5,2024
1057,1058,393,Subscription,98.37,2024-02-27,27,2,2024
1058,1059,992,Gems,15.58,2024-09-01,1,9,2024
1059,1060,761,Gems,66.99,2024-06-21,21,6,2024
1060,1061,311,Coins,46.11,2024-01-25,25,1,2024
1061,1062,32,Coins,66.39,2024-03-24,24,3,2024
1062,1063,707,Gems,88.67,2024-02-18,18,2,2024
1063,1064,850,Coins,46.11,2024-03-09,9,3,2024
1064,1065,528,Gems,43.02,2024-06-27,27,6,2024
1065,1066,774,Gems,80.18,2024-05-22,22,5,2024
1066,1067,183,Coins,94.42,2024-09-08,8,9,2024
1067,1068,126,Gems,3.29,2024-03-01,1,3,2024
1068,1069,568,Subscription,11.19,2024-09-01,1,9,2024
1069,1070,798,Gems,77.15,2024-07-07,7,7,2024
1070,1071,158,Coins,84.23,2024-09-21,21,9,2024
1071,1072,936,Gems,41.88,2024-04-06,6,4,2024
1072,1073,67,Coins,87.97,2024-03-19,19,3,2024
1073,1074,912,Coins,78.64,2024-08-15,15,8,2024
1074,1075,668,Coins,72.62,2024-03-16,16,3,2024
1075,1076,160,Gems,88.79,2024-03-14,14,3,2024
1076,1077,8,Subscription,55.61,2024-03-08,8,3,2024
1077,1078,767,Gems,43.5,2024-04-30,30,4,2024
1078,1079,54,Coins,40.2,2024-07-08,8,7,2024
1079,1080,604,Gems,48.56,2024-01-16,16,1,2024
1080,1081,699,Gems,38.79,2024-04-28,28,4,2024
1081,1082,203,Coins,17.45,2024-02-02,2,2,2024
1082,1083,620,Subscription,96.09,2024-04-02,2,4,2024
1083,1084,80,Subscription,30.78,2024-06-29,29,6,2024
1084,1085,398,Gems,29.05,2024-02-22,22,2,2024
1085,1086,403,Gems,15.1,2024-04-24,24,4,2024
1086,1087,70,Subscription,73.33,2024-02-03,3,2,2024
1087,1088,223,Coins,38.31,2024-07-11,11,7,2024
1088,1089,231,Gems,24.43,2024-08-18,18,8,2024
1089,1090,841,Gems,87.05,2024-06-29,29,6,2024
1090,1091,919,Gems,82.82,2024-05-19,19,5,2024
1091,1092,829,Subscription,10.63,2024-09-25,25,9,2024
1092,1093,201,Gems,48.79,2024-04-23,23,4,2024
1093,1094,792,Coins,77.56,2024-01-10,10,1,2024
1094,1095,244,Coins,98.48,2024-01-02,2,1,2024
1095,1096,867,Subscription,8.61,2024-05-20,20,5,2024
1096,1097,97,Coins,89.66,2024-02-19,19,2,2024
1097,1098,101,Subscription,59.2,2024-04-29,29,4,2024
1098,1099,132,Subscription,67.66,2024-08-10,10,8,2024
1099,1100,147,Gems,47.75,2024-03-04,4,3,2024
1100,1101,794,Subscription,73.53,2024-04-12,12,4,2024
1101,1102,918,Gems,92.78,2024-05-18,18,5,2024
1102,1103,600,Gems,65.76,2024-06-20,20,6,2024
1103,1104,936,Coins,12.84,2024-04-13,13,4,2024
1104,1105,275,Subscription,23.79,2024-08-26,26,8,2024
1105,1106,125,Coins,17.26,2024-05-10,10,5,2024
1106,1107,106,Subscription,75.04,2024-03-03,3,3,2024
1107,1108,983,Subscription,3.85,2024-03-15,15,3,2024
1108,1109,150,Coins,26.08,2024-06-25,25,6,2024
1109,1110,778,Coins,32.87,2024-05-14,14,5,2024
1110,1111,688,Subscription,7.59,2024-05-11,11,5,2024
1111,1112,528,Subscription,22.67,2024-03-04,4,3,2024
1112,1113,162,Gems,3.01,2024-09-26,26,9,2024
1113,1114,156,Coins,45.24,2024-01-09,9,1,2024
1114,1115,136,Subscription,17.54,2024-07-04,4,7,2024
1115,1116,138,Coins,66.37,2024-06-30,30,6,2024
1116,1117,570,Subscription,57.15,2024-05-05,5,5,2024
1117,1118,91,Gems,20.71,2024-08-08,8,8,2024
1118,1119,869,Gems,19.33,2024-03-01,1,3,2024
1119,1120,47,Gems,22.09,2024-04-16,16,4,2024
1120,1121,538,Subscription,75.59,2024-06-08,8,6,2024
1121,1122,517,Gems,56.2,2024-03-10,10,3,2024
1122,1123,724,Gems,18.15,2024-09-11,11,9,2024
1123,1124,434,Coins,70.81,2024-02-01,1,2,2024
1124,1125,654,Subscription,12.3,2024-06-06,6,6,2024
1125,1126,601,Gems,72.11,2024-08-25,25,8,2024
1126,1127,830,Coins,3.97,2024-07-21,21,7,2024
1127,1128,511,Gems,75.67,2024-06-17,17,6,2024
1128,1129,309,Coins,9.48,2024-08-17,17,8,2024
1129,1130,33,Coins,96.04,2024-04-03,3,4,2024
1130,1131,507,Subscription,69.19,2024-01-17,17,1,2024
1131,1132,707,Subscription,99.34,2024-03-01,1,3,2024
1132,1133,47,Gems,91.28,2024-07-02,2,7,2024
1133,1134,558,Coins,90.08,2024-05-16,16,5,2024
1134,1135,931,Gems,77.82,2024-06-13,13,6,2024
1135,1136,451,Coins,88.04,2024-04-15,15,4,2024
1136,1137,565,Coins,76.89,2024-02-05,5,2,2024
1137,1138,134,Gems,56.2,2024-03-28,28,3,2024
1138,1139,797,Gems,20.49,2024-05-04,4,5,2024
1139,1140,257,Gems,44.54,2024-01-27,27,1,2024
1140,1141,567,Gems,23.08,2024-07-21,21,7,2024
1141,1142,743,Coins,83.17,2024-06-10,10,6,2024
1142,1143,174,Coins,81.2,2024-08-24,24,8,2024
1143,1144,511,Gems,86.42,2024-05-10,10,5,2024
1144,1145,872,Gems,59.1,2024-07-28,28,7,2024
1145,1146,291,Subscription,38.14,2024-02-28,28,2,2024
1146,1147,82,Coins,25.68,2024-02-17,17,2,2024
1147,1148,442,Coins,18.7,2024-06-08,8,6,2024
1148,1149,256,Gems,96.78,2024-09-07,7,9,2024
1149,1150,704,Gems,45.29,2024-04-11,11,4,2024
1150,1151,562,Gems,35.17,2024-01-31,31,1,2024
1151,1152,194,Gems,61.15,2024-02-06,6,2,2024
1152,1153,686,Coins,9.21,2024-02-29,29,2,2024
1153,1154,951,Coins,47.63,2024-03-15,15,3,2024
1154,1155,16,Gems,64.74,2024-05-08,8,5,2024
1155,1156,171,Gems,44.62,2024-06-22,22,6,2024
1156,1157,414,Gems,59.84,2024-03-31,31,3,2024
1157,1158,599,Gems,26.27,2024-07-29,29,7,2024
1158,1159,38,Subscription,82.05,2024-06-01,1,6,2024
1159,1160,170,Gems,26.73,2024-02-21,21,2,2024
1160,1161,234,Gems,71.68,2024-08-22,22,8,2024
1161,1162,546,Subscription,78.99,2024-09-27,27,9,2024
1162,1163,843,Coins,20.14,2024-03-04,4,3,2024
1163,1164,536,Gems,68.59,2024-07-12,12,7,2024
1164,1165,271,Gems,91.54,2024-04-12,12,4,2024
1165,1166,257,Gems,41.97,2024-07-10,10,7,2024
1166,1167,490,Subscription,48.5,2024-08-05,5,8,2024
1167,1168,88,Subscription,7.71,2024-05-29,29,5,2024
1168,1169,689,Subscription,52.42,2024-09-08,8,9,2024
1169,1170,80,Subscription,29.91,2024-05-12,12,5,2024
1170,1171,998,Gems,29.54,2024-01-01,1,1,2024
1171,1172,155,Subscription,18.44,2024-02-18,18,2,2024
1172,1173,234,Coins,84.63,2024-04-16,16,4,2024
1173,1174,567,Gems,5.71,2024-01-28,28,1,2024
1174,1175,132,Subscription,51.29,2024-06-03,3,6,2024
1175,1176,867,Coins,84.21,2024-06-26,26,6,2024
1176,1177,547,Subscription,9.42,2024-02-23,23,2,2024
1177,1178,306,Coins,27.7,2024-06-05,5,6,2024
1178,1179,102,Coins,14.32,2024-06-25,25,6,2024
1179,1180,244,Subscription,44.53,2024-03-17,17,3,2024
1180,1181,53,Subscription,5.58,2024-07-20,20,7,2024
1181,1182,768,Coins,45.89,2024-02-03,3,2,2024
1182,1183,86,Subscription,66.16,2024-04-21,21,4,2024
1183,1184,365,Coins,75.5,2024-03-14,14,3,2024
1184,1185,13,Coins,88.67,2024-06-16,16,6,2024
1185,1186,889,Gems,6.18,2024-06-04,4,6,2024
1186,1187,607,Subscription,25.47,2024-04-30,30,4,2024
1187,1188,744,Subscription,85.81,2024-01-22,22,1,2024
1188,1189,92,Gems,67.25,2024-01-30,30,1,2024
1189,1190,717,Coins,4.63,2024-05-11,11,5,2024
1190,1191,123,Coins,88.29,2024-09-05,5,9,2024
1191,1192,63,Coins,24.72,2024-07-18,18,7,2024
1192,1193,234,Gems,26.14,2024-04-09,9,4,2024
1193,1194,442,Coins,51.38,2024-07-29,29,7,2024
1194,1195,445,Coins,32.61,2024-09-09,9,9,2024
1195,1196,479,Coins,79.29,2024-02-21,21,2,2024
1196,1197,383,Subscription,38.6,2024-03-01,1,3,2024
1197,1198,624,Gems,61.21,2024-03-25,25,3,2024
1198,1199,288,Subscription,97.48,2024-08-24,24,8,2024
1199,1200,572,Coins,92.48,2024-05-20,20,5,2024
1200,1201,746,Subscription,52.67,2024-05-17,17,5,2024
1201,1202,710,Subscription,6.97,2024-07-19,19,7,2024
1202,1203,508,Subscription,80.73,2024-05-11,11,5,2024
1203,1204,796,Coins,87.71,2024-09-15,15,9,2024
1204,1205,733,Coins,87.81,2024-05-22,22,5,2024
1205,1206,543,Gems,59.3,2024-09-13,13,9,2024
1206,1207,555,Subscription,57.78,2024-07-04,4,7,2024
1207,1208,389,Gems,33.17,2024-04-22,22,4,2024
1208,1209,901,Subscription,35.62,2024-02-28,28,2,2024
1209,1210,791,Subscription,32.44,2024-05-22,22,5,2024
1210,1211,338,Subscription,79.39,2024-08-27,27,8,2024
1211,1212,389,Gems,21.19,2024-09-09,9,9,2024
1212,1213,286,Gems,48.71,2024-07-02,2,7,2024
1213,1214,347,Subscription,99.2,2024-04-22,22,4,2024
1214,1215,362,Coins,4.07,2024-06-07,7,6,2024
1215,1216,342,Coins,55.15,2024-03-26,26,3,2024
1216,1217,780,Coins,50.42,2024-01-30,30,1,2024
1217,1218,594,Gems,85.03,2024-02-20,20,2,2024
1218,1219,981,Gems,73.16,2024-05-07,7,5,2024
1219,1220,757,Gems,42.33,2024-03-18,18,3,2024
1220,1221,306,Coins,67.05,2024-03-27,27,3,2024
1221,1222,384,Subscription,72.23,2024-04-12,12,4,2024
1222,1223,341,Gems,60.94,2024-07-13,13,7,2024
1223,1224,33,Gems,25.87,2024-06-10,10,6,2024
1224,1225,78,Subscription,27.9,2024-09-24,24,9,2024
1225,1226,800,Gems,65.27,2024-07-14,14,7,2024
1226,1227,986,Subscription,25.94,2024-03-31,31,3,2024
1227,1228,793,Subscription,22.02,2024-08-04,4,8,2024
1228,1229,964,Gems,50.99,2024-05-25,25,5,2024
1229,1230,564,Gems,96.11,2024-06-28,28,6,2024
1230,1231,741,Gems,17.22,2024-06-21,21,6,2024
1231,1232,932,Subscription,31.96,2024-03-07,7,3,2024
1232,1233,5,Subscription,56.74,2024-03-11,11,3,2024
1233,1234,984,Gems,85.8,2024-02-07,7,2,2024
1234,1235,649,Subscription,32.95,2024-02-13,13,2,2024
1235,1236,94,Coins,75.57,2024-05-01,1,5,2024
1236,1237,296,Gems,4.28,2024-02-26,26,2,2024
1237,1238,964,Gems,18.27,2024-05-05,5,5,2024
1238,1239,136,Gems,82.78,2024-08-10,10,8,2024
1239,1240,211,Coins,65.51,2024-03-03,3,3,2024
1240,1241,927,Coins,36.33,2024-09-19,19,9,2024
1241,1242,629,Gems,96.43,2024-06-18,18,6,2024
1242,1243,819,Coins,45.58,2024-03-30,30,3,2024
1243,1244,642,Coins,41.66,2024-04-24,24,4,2024
1244,1245,423,Gems,31.04,2024-02-12,12,2,2024
1245,1246,859,Coins,28.13,2024-01-01,1,1,2024
1246,1247,422,Gems,87.55,2024-09-23,23,9,2024
1247,1248,50,Coins,70.88,2024-04-08,8,4,2024
1248,1249,900,Coins,17.3,2024-03-21,21,3,2024
1249,1250,984,Subscription,58.87,2024-06-06,6,6,2024
1250,1251,447,Subscription,37.51,2024-06-11,11,6,2024
1251,1252,507,Subscription,9.08,2024-09-14,14,9,2024
1252,1253,683,Coins,33.52,2024-07-12,12,7,2024
1253,1254,448,Coins,5.48,2024-08-18,18,8,2024
1254,1255,888,Gems,23.33,2024-09-28,28,9,2024
1255,1256,147,Gems,62.02,2024-08-06,6,8,2024
1256,1257,637,Gems,72.73,2024-04-03,3,4,2024
1257,1258,934,Gems,44.58,2024-08-29,29,8,2024
1258,1259,798,Gems,10.18,2024-03-18,18,3,2024
1259,1260,61,Gems,8.69,2024-08-07,7,8,2024
1260,1261,46,Coins,73.56,2024-02-14,14,2,2024
1261,1262,358,Subscription,96.83,2024-04-08,8,4,2024
1262,1263,625,Gems,10.85,2024-08-01,1,8,2024
1263,1264,652,Coins,81.09,2024-04-04,4,4,2024
1264,1265,132,Coins,33.44,2024-06-02,2,6,2024
1265,1266,497,Coins,35.29,2024-01-02,2,1,2024
1266,1267,890,Coins,85.08,2024-04-27,27,4,2024
1267,1268,20,Subscription,14.09,2024-07-06,6,7,2024
1268,1269,765,Gems,25.8,2024-05-08,8,5,2024
1269,1270,193,Gems,1.5,2024-09-27,27,9,2024
1270,1271,86,Coins,13.37,2024-09-29,29,9,2024
1271,1272,579,Gems,54.94,2024-06-02,2,6,2024
1272,1273,959,Subscription,3.36,2024-02-20,20,2,2024
1273,1274,576,Gems,8.41,2024-08-29,29,8,2024
1274,1275,835,Gems,38.53,2024-04-02,2,4,2024
1275,1276,968,Gems,65.99,2024-06-23,23,6,2024
1276,1277,124,Gems,93.22,2024-02-16,16,2,2024
1277,1278,272,Coins,55.92,2024-07-06,6,7,2024
1278,1279,381,Coins,37.86,2024-08-02,2,8,2024
1279,1280,356,Coins,79.89,2024-06-11,11,6,2024
1280,1281,631,Coins,91.38,2024-03-26,26,3,2024
1281,1282,98,Subscription,69.42,2024-02-02,2,2,2024
1282,1283,275,Coins,37.14,2024-09-10,10,9,2024
1283,1284,990,Gems,26.94,2024-08-19,19,8,2024
1284,1285,634,Coins,13.93,2024-08-11,11,8,2024
1285,1286,277,Subscription,74.08,2024-07-11,11,7,2024
1286,1287,771,Subscription,11.81,2024-03-21,21,3,2024
1287,1288,978,Gems,16.31,2024-01-26,26,1,2024
1288,1289,61,Gems,62.51,2024-08-14,14,8,2024
1289,1290,386,Subscription,84.96,2024-09-27,27,9,2024
1290,1291,998,Gems,19.01,2024-01-24,24,1,2024
1291,1292,327,Coins,8.57,2024-05-30,30,5,2024
1292,1293,792,Gems,19.24,2024-07-01,1,7,2024
1293,1294,970,Subscription,46.1,2024-08-22,22,8,2024
1294,1295,466,Gems,79.2,2024-06-18,18,6,2024
1295,1296,693,Gems,35.09,2024-06-18,18,6,2024
1296,1297,136,Subscription,82.0,2024-09-15,15,9,2024
1297,1298,90,Gems,57.46,2024-09-25,25,9,2024
1298,1299,770,Subscription,70.02,2024-06-14,14,6,2024
1299,1300,951,Subscription,98.07,2024-06-21,21,6,2024
1300,1301,254,Coins,56.72,2024-04-24,24,4,2024
1301,1302,984,Gems,18.27,2024-01-11,11,1,2024
1302,1303,846,Coins,24.81,2024-04-05,5,4,2024
1303,1304,120,Gems,64.52,2024-01-01,1,1,2024
1304,1305,422,Subscription,25.29,2024-06-22,22,6,2024
1305,1306,486,Subscription,98.64,2024-04-09,9,4,2024
1306,1307,210,Subscription,98.1,2024-03-15,15,3,2024
1307,1308,726,Gems,35.21,2024-08-30,30,8,2024
1308,1309,857,Coins,3.33,2024-08-15,15,8,2024
1309,1310,362,Coins,16.41,2024-05-23,23,5,2024
1310,1311,918,Coins,29.15,2024-04-10,10,4,2024
1311,1312,178,Subscription,26.17,2024-04-14,14,4,2024
1312,1313,965,Subscription,97.84,2024-05-23,23,5,2024
1313,1314,785,Gems,17.7,2024-04-05,5,4,2024
1314,1315,345,Coins,22.35,2024-06-30,30,6,2024
1315,1316,189,Subscription,77.59,2024-09-12,12,9,2024
1316,1317,699,Gems,88.46,2024-03-15,15,3,2024
1317,1318,854,Gems,1.24,2024-04-27,27,4,2024
1318,1319,857,Gems,65.61,2024-05-04,4,5,2024
1319,1320,797,Subscription,33.65,2024-01-01,1,1,2024
1320,1321,488,Subscription,80.3,2024-03-18,18,3,2024
1321,1322,618,Gems,56.75,2024-04-02,2,4,2024
1322,1323,221,Gems,90.07,2024-08-29,29,8,2024
1323,1324,443,Gems,2.19,2024-06-10,10,6,2024
1324,1325,835,Coins,87.73,2024-04-07,7,4,2024
1325,1326,838,Subscription,31.43,2024-05-18,18,5,2024
1326,1327,1,Subscription,92.95,2024-02-20,20,2,2024
1327,1328,170,Subscription,84.02,2024-02-05,5,2,2024
1328,1329,154,Coins,88.04,2024-02-19,19,2,2024
1329,1330,11,Coins,83.67,2024-04-27,27,4,2024
1330,1331,373,Subscription,60.73,2024-04-11,11,4,2024
1331,1332,259,Gems,9.52,2024-08-10,10,8,2024
1332,1333,826,Gems,4.83,2024-05-08,8,5,2024
1333,1334,282,Coins,18.15,2024-08-08,8,8,2024
1334,1335,361,Gems,81.09,2024-01-25,25,1,2024
1335,1336,963,Coins,13.68,2024-03-01,1,3,2024
1336,1337,967,Subscription,94.61,2024-09-16,16,9,2024
1337,1338,648,Subscription,27.13,2024-04-04,4,4,2024
1338,1339,55,Subscription,75.58,2024-06-07,7,6,2024
1339,1340,200,Gems,67.49,2024-05-14,14,5,2024
1340,1341,827,Coins,83.76,2024-06-26,26,6,2024
1341,1342,259,Subscription,41.81,2024-03-14,14,3,2024
1342,1343,9,Subscription,88.56,2024-05-11,11,5,2024
1343,1344,720,Gems,50.47,2024-03-22,22,3,2024
1344,1345,297,Coins,61.43,2024-04-21,21,4,2024
1345,1346,40,Subscription,61.41,2024-06-09,9,6,2024
1346,1347,403,Gems,25.78,2024-08-29,29,8,2024
1347,1348,381,Subscription,37.52,2024-06-02,2,6,2024
1348,1349,670,Coins,84.23,2024-04-17,17,4,2024
1349,1350,317,Subscription,91.36,2024-08-25,25,8,2024
1350,1351,978,Subscription,18.43,2024-02-16,16,2,2024
1351,1352,457,Subscription,94.38,2024-05-03,3,5,2024
1352,1353,280,Gems,49.26,2024-06-29,29,6,2024
1353,1354,27,Coins,36.1,2024-04-19,19,4,2024
1354,1355,436,Subscription,67.22,2024-07-23,23,7,2024
1355,1356,43,Subscription,20.74,2024-02-16,16,2,2024
1356,1357,958,Coins,45.91,2024-08-21,21,8,2024
1357,1358,962,Subscription,15.66,2024-06-14,14,6,2024
1358,1359,35,Subscription,9.13,2024-03-03,3,3,2024
1359,1360,761,Coins,78.35,2024-05-10,10,5,2024
1360,1361,574,Subscription,28.08,2024-09-09,9,9,2024
1361,1362,632,Coins,93.13,2024-02-06,6,2,2024
1362,1363,586,Subscription,59.67,2024-07-04,4,7,2024
1363,1364,513,Gems,83.78,2024-07-31,31,7,2024
1364,1365,218,Coins,94.92,2024-08-12,12,8,2024
1365,1366,487,Gems,21.68,2024-02-04,4,2,2024
1366,1367,27,Coins,55.17,2024-01-31,31,1,2024
1367,1368,787,Gems,99.05,2024-03-11,11,3,2024
1368,1369,141,Gems,20.06,2024-06-14,14,6,2024
1369,1370,78,Subscription,86.53,2024-02-28,28,2,2024
1370,1371,909,Gems,13.62,2024-07-02,2,7,2024
1371,1372,835,Coins,12.63,2024-02-02,2,2,2024
1372,1373,937,Gems,46.02,2024-01-23,23,1,2024
1373,1374,382,Gems,75.05,2024-08-03,3,8,2024
1374,1375,359,Subscription,48.63,2024-08-23,23,8,2024
1375,1376,414,Coins,37.57,2024-09-17,17,9,2024
1376,1377,860,Gems,69.0,2024-09-20,20,9,2024
1377,1378,153,Coins,50.18,2024-01-31,31,1,2024
1378,1379,360,Subscription,22.89,2024-01-20,20,1,2024
1379,1380,593,Gems,11.03,2024-01-16,16,1,2024
1380,1381,6,Coins,83.97,2024-03-30,30,3,2024
1381,1382,565,Gems,37.91,2024-05-07,7,5,2024
1382,1383,724,Subscription,54.55,2024-09-15,15,9,2024
1383,1384,550,Coins,12.9,2024-09-28,28,9,2024
1384,1385,40,Gems,64.05,2024-08-26,26,8,2024
1385,1386,53,Subscription,98.51,2024-02-24,24,2,2024
1386,1387,255,Subscription,89.25,2024-02-14,14,2,2024
1387,1388,692,Gems,32.04,2024-03-13,13,3,2024
1388,1389,780,Gems,18.89,2024-07-05,5,7,2024
1389,1390,193,Subscription,91.34,2024-06-18,18,6,2024
1390,1391,470,Subscription,4.11,2024-04-04,4,4,2024
1391,1392,418,Gems,43.28,2024-08-01,1,8,2024
1392,1393,415,Gems,16.9,2024-06-23,23,6,2024
1393,1394,362,Gems,32.19,2024-02-25,25,2,2024
1394,1395,293,Coins,20.17,2024-09-09,9,9,2024
1395,1396,277,Coins,78.62,2024-02-28,28,2,2024
1396,1397,51,Gems,33.05,2024-02-06,6,2,2024
1397,1398,351,Coins,54.63,2024-09-07,7,9,2024
1398,1399,257,Coins,82.05,2024-09-24,24,9,2024
1399,1400,51,Subscription,15.59,2024-03-24,24,3,2024
1400,1401,394,Gems,37.41,2024-04-24,24,4,2024
1401,1402,726,Gems,58.42,2024-05-15,15,5,2024
1402,1403,515,Gems,8.29,2024-05-19,19,5,2024
1403,1404,884,Coins,12.3,2024-06-07,7,6,2024
1404,1405,64,Gems,75.75,2024-04-21,21,4,2024
1405,1406,750,Gems,67.97,2024-04-23,23,4,2024
1406,1407,712,Coins,61.66,2024-05-25,25,5,2024
1407,1408,874,Gems,51.12,2024-06-05,5,6,2024
1408,1409,948,Subscription,65.05,2024-08-04,4,8,2024
1409,1410,260,Gems,23.87,2024-08-15,15,8,2024
1410,1411,895,Coins,10.01,2024-04-18,18,4,2024
1411,1412,944,Subscription,84.13,2024-01-14,14,1,2024
1412,1413,198,Subscription,3.11,2024-09-14,14,9,2024
1413,1414,94,Coins,15.74,2024-01-03,3,1,2024
1414,1415,580,Subscription,30.97,2024-03-19,19,3,2024
1415,1416,278,Coins,99.93,2024-08-15,15,8,2024
1416,1417,688,Gems,31.51,2024-01-08,8,1,2024
1417,1418,127,Coins,98.17,2024-09-28,28,9,2024
1418,1419,616,Gems,35.08,2024-09-10,10,9,2024
1419,1420,883,Subscription,8.06,2024-01-15,15,1,2024
1420,1421,237,Subscription,5.79,2024-09-29,29,9,2024
1421,1422,644,Subscription,63.81,2024-06-04,4,6,2024
1422,1423,991,Coins,42.85,2024-07-17,17,7,2024
1423,1424,625,Coins,45.94,2024-07-23,23,7,2024
1424,1425,74,Coins,79.07,2024-03-26,26,3,2024
1425,1426,381,Gems,99.74,2024-01-04,4,1,2024
1426,1427,134,Coins,21.03,2024-08-06,6,8,2024
1427,1428,797,Coins,9.66,2024-05-27,27,5,2024
1428,1429,753,Subscription,95.09,2024-01-18,18,1,2024
1429,1430,329,Subscription,88.43,2024-08-31,31,8,2024
1430,1431,160,Subscription,81.56,2024-06-02,2,6,2024
1431,1432,771,Coins,44.7,2024-09-12,12,9,2024
1432,1433,428,Gems,29.8,2024-07-10,10,7,2024
1433,1434,744,Coins,86.69,2024-03-16,16,3,2024
1434,1435,89,Subscription,51.62,2024-09-27,27,9,2024
1435,1436,502,Gems,28.71,2024-07-23,23,7,2024
1436,1437,968,Gems,21.87,2024-04-14,14,4,2024
1437,1438,938,Gems,24.89,2024-09-28,28,9,2024
1438,1439,683,Coins,71.84,2024-02-25,25,2,2024
1439,1440,729,Subscription,60.37,2024-08-07,7,8,2024
1440,1441,870,Subscription,36.86,2024-07-13,13,7,2024
1441,1442,937,Coins,11.97,2024-08-22,22,8,2024
1442,1443,600,Gems,63.68,2024-02-19,19,2,2024
1443,1444,365,Gems,72.84,2024-09-17,17,9,2024
1444,1445,256,Coins,13.91,2024-01-16,16,1,2024
1445,1446,253,Subscription,56.83,2024-05-24,24,5,2024
1446,1447,782,Coins,96.66,2024-08-30,30,8,2024
1447,1448,697,Coins,42.37,2024-07-31,31,7,2024
1448,1449,443,Subscription,46.75,2024-09-07,7,9,2024
1449,1450,930,Coins,32.74,2024-01-19,19,1,2024
1450,1451,684,Subscription,22.89,2024-07-02,2,7,2024
1451,1452,921,Subscription,49.97,2024-05-27,27,5,2024
1452,1453,483,Gems,8.24,2024-08-26,26,8,2024
1453,1454,174,Gems,99.91,2024-04-14,14,4,2024
1454,1455,201,Coins,81.42,2024-04-08,8,4,2024
1455,1456,455,Gems,88.89,2024-09-29,29,9,2024
1456,1457,52,Gems,63.75,2024-03-12,12,3,2024
1457,1458,41,Subscription,52.37,2024-05-15,15,5,2024
1458,1459,818,Gems,92.7,2024-08-23,23,8,2024
1459,1460,709,Subscription,57.59,2024-05-10,10,5,2024
1460,1461,982,Subscription,40.78,2024-06-02,2,6,2024
1461,1462,155,Coins,44.77,2024-04-11,11,4,2024
1462,1463,901,Gems,6.0,2024-09-16,16,9,2024
1463,1464,370,Gems,66.53,2024-01-07,7,1,2024
1464,1465,101,Gems,33.67,2024-02-09,9,2,2024
1465,1466,781,Subscription,49.96,2024-07-15,15,7,2024
1466,1467,111,Subscription,7.66,2024-02-13,13,2,2024
1467,1468,401,Subscription,74.19,2024-08-15,15,8,2024
1468,1469,568,Coins,4.29,2024-07-03,3,7,2024
1469,1470,275,Gems,23.36,2024-07-31,31,7,2024
1470,1471,63,Coins,72.96,2024-01-09,9,1,2024
1471,1472,807,Gems,89.38,2024-05-09,9,5,2024
1472,1473,606,Subscription,80.14,2024-02-14,14,2,2024
1473,1474,79,Gems,68.45,2024-02-18,18,2,2024
1474,1475,430,Gems,39.89,2024-04-24,24,4,2024
1475,1476,82,Subscription,32.98,2024-01-28,28,1,2024
1476,1477,663,Coins,43.74,2024-02-27,27,2,2024
1477,1478,511,Subscription,41.81,2024-02-25,25,2,2024
1478,1479,844,Coins,27.04,2024-06-02,2,6,2024
1479,1480,553,Coins,4.89,2024-05-09,9,5,2024
1480,1481,719,Gems,38.38,2024-09-01,1,9,2024
1481,1482,624,Gems,55.39,2024-06-04,4,6,2024
1482,1483,335,Coins,34.86,2024-09-01,1,9,2024
1483,1484,152,Gems,52.83,2024-01-27,27,1,2024
1484,1485,123,Gems,79.18,2024-09-27,27,9,2024
1485,1486,942,Gems,49.95,2024-08-23,23,8,2024
1486,1487,624,Gems,59.93,2024-06-10,10,6,2024
1487,1488,340,Coins,74.48,2024-08-04,4,8,2024
1488,1489,556,Coins,30.65,2024-02-02,2,2,2024
1489,1490,635,Subscription,49.14,2024-06-23,23,6,2024
1490,1491,78,Coins,52.86,2024-05-17,17,5,2024
1491,1492,496,Subscription,21.79,2024-04-25,25,4,2024
1492,1493,628,Coins,27.43,2024-02-12,12,2,2024
1493,1494,789,Gems,3.28,2024-03-26,26,3,2024
1494,1495,991,Subscription,59.03,2024-09-27,27,9,2024
1495,1496,392,Coins,82.39,2024-05-01,1,5,2024
1496,1497,354,Gems,91.04,2024-08-25,25,8,2024
1497,1498,430,Gems,52.69,2024-06-13,13,6,2024
1498,1499,974,Gems,27.63,2024-02-28,28,2,2024
1499,1500,456,Coins,63.91,2024-05-30,30,5,2024
1500,1501,7,Subscription,9.13,2024-07-20,20,7,2024
1501,1502,404,Coins,8.5,2024-03-07,7,3,2024
1502,1503,23,Subscription,38.06,2024-09-27,27,9,2024
1503,1504,588,Subscription,3.15,2024-07-05,5,7,2024
1504,1505,895,Coins,2.11,2024-03-04,4,3,2024
1505,1506,430,Subscription,30.8,2024-01-28,28,1,2024
1506,1507,8,Gems,44.33,2024-07-23,23,7,2024
1507,1508,750,Coins,34.23,2024-04-03,3,4,2024
1508,1509,967,Coins,93.98,2024-08-09,9,8,2024
1509,1510,565,Coins,19.21,2024-03-27,27,3,2024
1510,1511,164,Coins,19.02,2024-03-05,5,3,2024
1511,1512,35,Gems,30.02,2024-05-31,31,5,2024
1512,1513,139,Coins,89.14,2024-05-27,27,5,2024
1513,1514,183,Coins,48.63,2024-01-28,28,1,2024
1514,1515,86,Gems,61.94,2024-01-11,11,1,2024
1515,1516,314,Gems,28.33,2024-09-24,24,9,2024
1516,1517,898,Gems,31.89,2024-03-08,8,3,2024
1517,1518,628,Subscription,80.85,2024-08-13,13,8,2024
1518,1519,827,Subscription,36.61,2024-07-31,31,7,2024
1519,1520,520,Coins,36.51,2024-09-09,9,9,2024
1520,1521,564,Coins,15.14,2024-03-30,30,3,2024
1521,1522,677,Coins,81.99,2024-08-26,26,8,2024
1522,1523,275,Subscription,73.44,2024-04-20,20,4,2024
1523,1524,829,Gems,18.04,2024-09-22,22,9,2024
1524,1525,359,Coins,95.17,2024-09-12,12,9,2024
1525,1526,882,Subscription,43.13,2024-04-26,26,4,2024
1526,1527,446,Coins,84.29,2024-02-27,27,2,2024
1527,1528,21,Subscription,67.58,2024-08-27,27,8,2024
1528,1529,650,Subscription,14.06,2024-08-28,28,8,2024
1529,1530,83,Coins,99.15,2024-08-19,19,8,2024
1530,1531,83,Subscription,40.46,2024-08-02,2,8,2024
1531,1532,96,Coins,60.82,2024-02-23,23,2,2024
1532,1533,587,Gems,4.06,2024-03-31,31,3,2024
1533,1534,187,Gems,16.25,2024-05-19,19,5,2024
1534,1535,812,Coins,89.44,2024-03-11,11,3,2024
1535,1536,442,Subscription,20.25,2024-08-01,1,8,2024
1536,1537,824,Gems,75.05,2024-04-09,9,4,2024
1537,1538,69,Subscription,65.17,2024-04-02,2,4,2024
1538,1539,135,Gems,27.06,2024-04-21,21,4,2024
1539,1540,435,Subscription,95.5,2024-06-28,28,6,2024
1540,1541,416,Coins,98.27,2024-07-23,23,7,2024
1541,1542,562,Gems,64.14,2024-02-18,18,2,2024
1542,1543,927,Subscription,57.22,2024-09-26,26,9,2024
1543,1544,281,Coins,4.48,2024-05-25,25,5,2024
1544,1545,770,Coins,91.44,2024-07-18,18,7,2024
1545,1546,539,Coins,41.38,2024-06-18,18,6,2024
1546,1547,354,Subscription,30.45,2024-04-06,6,4,2024
1547,1548,868,Coins,63.27,2024-03-17,17,3,2024
1548,1549,448,Subscription,2.33,2024-04-19,19,4,2024
1549,1550,610,Gems,67.59,2024-08-15,15,8,2024
1550,1551,163,Coins,77.06,2024-01-27,27,1,2024
1551,1552,766,Subscription,39.34,2024-01-26,26,1,2024
1552,1553,507,Gems,22.68,2024-02-11,11,2,2024
1553,1554,850,Coins,26.58,2024-05-16,16,5,2024
1554,1555,725,Gems,54.99,2024-02-02,2,2,2024
1555,1556,80,Subscription,46.36,2024-08-20,20,8,2024
1556,1557,947,Coins,24.09,2024-09-14,14,9,2024
1557,1558,622,Gems,24.99,2024-05-28,28,5,2024
1558,1559,29,Subscription,1.62,2024-08-21,21,8,2024
1559,1560,467,Gems,52.72,2024-08-11,11,8,2024
1560,1561,791,Coins,90.63,2024-05-10,10,5,2024
1561,1562,549,Gems,51.16,2024-03-15,15,3,2024
1562,1563,789,Subscription,86.98,2024-08-09,9,8,2024
1563,1564,502,Coins,30.57,2024-06-25,25,6,2024
1564,1565,321,Gems,71.65,2024-08-31,31,8,2024
1565,1566,328,Coins,40.28,2024-08-30,30,8,2024
1566,1567,575,Subscription,14.39,2024-04-18,18,4,2024
1567,1568,38,Subscription,41.97,2024-01-18,18,1,2024
1568,1569,433,Coins,92.67,2024-01-14,14,1,2024
1569,1570,870,Gems,74.6,2024-03-28,28,3,2024
1570,1571,429,Gems,61.78,2024-01-31,31,1,2024
1571,1572,99,Subscription,21.49,2024-09-20,20,9,2024
1572,1573,133,Subscription,26.26,2024-03-05,5,3,2024
1573,1574,306,Subscription,41.0,2024-08-28,28,8,2024
1574,1575,943,Coins,75.41,2024-01-02,2,1,2024
1575,1576,901,Coins,53.29,2024-03-25,25,3,2024
1576,1577,495,Gems,87.54,2024-01-26,26,1,2024
1577,1578,478,Gems,84.38,2024-05-01,1,5,2024
1578,1579,949,Gems,8.52,2024-07-07,7,7,2024
1579,1580,220,Subscription,7.91,2024-06-22,22,6,2024
1580,1581,239,Coins,14.55,2024-02-23,23,2,2024
1581,1582,283,Gems,47.0,2024-08-31,31,8,2024
1582,1583,557,Coins,20.35,2024-08-20,20,8,2024
1583,1584,774,Coins,82.97,2024-09-13,13,9,2024
1584,1585,714,Coins,49.64,2024-04-19,19,4,2024
1585,1586,406,Gems,22.67,2024-03-31,31,3,2024
1586,1587,314,Subscription,93.37,2024-04-02,2,4,2024
1587,1588,383,Gems,40.18,2024-04-19,19,4,2024
1588,1589,713,Gems,61.89,2024-07-09,9,7,2024
1589,1590,379,Gems,47.04,2024-03-10,10,3,2024
1590,1591,310,Coins,60.14,2024-05-30,30,5,2024
1591,1592,264,Coins,45.42,2024-05-20,20,5,2024
1592,1593,419,Gems,64.89,2024-09-23,23,9,2024
1593,1594,267,Coins,97.25,2024-01-19,19,1,2024
1594,1595,394,Coins,86.18,2024-03-09,9,3,2024
1595,1596,122,Coins,65.49,2024-08-31,31,8,2024
1596,1597,239,Gems,71.45,2024-01-20,20,1,2024
1597,1598,600,Subscription,39.26,2024-01-23,23,1,2024
1598,1599,703,Subscription,30.03,2024-09-28,28,9,2024
1599,1600,451,Gems,39.93,2024-09-19,19,9,2024
1600,1601,493,Gems,4.4,2024-07-03,3,7,2024
1601,1602,332,Subscription,31.15,2024-02-14,14,2,2024
1602,1603,148,Gems,31.7,2024-09-11,11,9,2024
1603,1604,611,Subscription,22.21,2024-03-31,31,3,2024
1604,1605,231,Coins,22.71,2024-06-15,15,6,2024
1605,1606,317,Coins,69.68,2024-04-02,2,4,2024
1606,1607,710,Gems,75.86,2024-06-13,13,6,2024
1607,1608,600,Coins,64.45,2024-08-19,19,8,2024
1608,1609,560,Subscription,79.8,2024-03-31,31,3,2024
1609,1610,996,Gems,45.0,2024-05-25,25,5,2024
1610,1611,605,Gems,28.37,2024-03-04,4,3,2024
1611,1612,216,Subscription,98.98,2024-05-20,20,5,2024
1612,1613,298,Coins,95.26,2024-07-22,22,7,2024
1613,1614,118,Coins,6.68,2024-09-15,15,9,2024
1614,1615,501,Gems,12.6,2024-04-26,26,4,2024
1615,1616,511,Gems,84.14,2024-02-08,8,2,2024
1616,1617,149,Subscription,25.53,2024-09-26,26,9,2024
1617,1618,767,Coins,8.14,2024-01-10,10,1,2024
1618,1619,568,Gems,17.46,2024-06-28,28,6,2024
1619,1620,505,Coins,15.93,2024-04-26,26,4,2024
1620,1621,619,Coins,96.08,2024-06-20,20,6,2024
1621,1622,768,Gems,59.54,2024-08-02,2,8,2024
1622,1623,336,Gems,89.86,2024-02-21,21,2,2024
1623,1624,39,Subscription,82.36,2024-01-28,28,1,2024
1624,1625,970,Subscription,34.61,2024-04-19,19,4,2024
1625,1626,574,Coins,83.27,2024-09-22,22,9,2024
1626,1627,545,Gems,19.87,2024-02-05,5,2,2024
1627,1628,579,Gems,65.25,2024-08-12,12,8,2024
1628,1629,594,Subscription,29.13,2024-09-19,19,9,2024
1629,1630,204,Subscription,57.08,2024-05-28,28,5,2024
1630,1631,147,Gems,62.34,2024-04-18,18,4,2024
1631,1632,868,Coins,9.78,2024-04-29,29,4,2024
1632,1633,845,Subscription,68.14,2024-09-06,6,9,2024
1633,1634,672,Coins,73.51,2024-09-06,6,9,2024
1634,1635,859,Gems,91.4,2024-01-07,7,1,2024
1635,1636,228,Gems,75.97,2024-04-27,27,4,2024
1636,1637,858,Gems,98.01,2024-03-30,30,3,2024
1637,1638,206,Gems,43.55,2024-05-13,13,5,2024
1638,1639,541,Subscription,16.65,2024-03-24,24,3,2024
1639,1640,629,Coins,98.73,2024-08-01,1,8,2024
1640,1641,677,Gems,15.27,2024-08-13,13,8,2024
1641,1642,106,Gems,68.55,2024-01-02,2,1,2024
1642,1643,616,Subscription,6.83,2024-08-10,10,8,2024
1643,1644,708,Coins,59.11,2024-01-20,20,1,2024
1644,1645,792,Gems,66.5,2024-09-13,13,9,2024
1645,1646,6,Gems,74.78,2024-04-10,10,4,2024
1646,1647,419,Subscription,38.0,2024-07-29,29,7,2024
1647,1648,729,Gems,88.02,2024-07-24,24,7,2024
1648,1649,29,Coins,98.53,2024-07-16,16,7,2024
1649,1650,746,Subscription,80.16,2024-04-25,25,4,2024
1650,1651,937,Coins,30.59,2024-05-15,15,5,2024
1651,1652,449,Gems,66.46,2024-06-09,9,6,2024
1652,1653,980,Gems,37.99,2024-05-12,12,5,2024
1653,1654,736,Gems,68.45,2024-08-29,29,8,2024
1654,1655,856,Coins,33.43,2024-05-06,6,5,2024
1655,1656,892,Subscription,74.53,2024-04-26,26,4,2024
1656,1657,985,Gems,12.73,2024-02-19,19,2,2024
1657,1658,207,Gems,27.62,2024-01-30,30,1,2024
1658,1659,777,Gems,53.07,2024-09-17,17,9,2024
1659,1660,344,Gems,98.76,2024-08-07,7,8,2024
1660,1661,920,Subscription,72.24,2024-06-19,19,6,2024
1661,1662,403,Gems,21.33,2024-02-11,11,2,2024
1662,1663,926,Subscription,39.26,2024-05-25,25,5,2024
1663,1664,637,Gems,38.19,2024-09-25,25,9,2024
1664,1665,986,Subscription,10.1,2024-06-27,27,6,2024
1665,1666,132,Gems,10.44,2024-09-26,26,9,2024
1666,1667,939,Gems,28.11,2024-09-19,19,9,2024
1667,1668,224,Gems,79.1,2024-03-21,21,3,2024
1668,1669,429,Coins,46.38,2024-02-17,17,2,2024
1669,1670,761,Subscription,16.22,2024-09-23,23,9,2024
1670,1671,713,Coins,46.29,2024-05-06,6,5,2024
1671,1672,550,Subscription,16.67,2024-04-07,7,4,2024
1672,1673,855,Gems,36.77,2024-09-07,7,9,2024
1673,1674,274,Gems,22.7,2024-07-15,15,7,2024
1674,1675,6,Coins,99.9,2024-08-22,22,8,2024
1675,1676,516,Gems,7.5,2024-05-09,9,5,2024
1676,1677,349,Gems,71.13,2024-07-10,10,7,2024
1677,1678,884,Coins,39.82,2024-01-01,1,1,2024
1678,1679,842,Subscription,35.85,2024-02-18,18,2,2024
1679,1680,724,Gems,33.18,2024-08-20,20,8,2024
1680,1681,863,Subscription,75.09,2024-03-27,27,3,2024
1681,1682,83,Gems,73.76,2024-06-10,10,6,2024
1682,1683,557,Gems,90.78,2024-06-12,12,6,2024
1683,1684,73,Subscription,99.68,2024-04-16,16,4,2024
1684,1685,857,Coins,76.03,2024-03-31,31,3,2024
1685,1686,110,Coins,18.76,2024-08-08,8,8,2024
1686,1687,593,Coins,47.54,2024-08-22,22,8,2024
1687,1688,894,Subscription,2.11,2024-03-01,1,3,2024
1688,1689,761,Gems,17.58,2024-02-05,5,2,2024
1689,1690,813,Subscription,55.12,2024-08-03,3,8,2024
1690,1691,177,Subscription,83.49,2024-04-29,29,4,2024
1691,1692,376,Subscription,11.26,2024-08-08,8,8,2024
1692,1693,951,Gems,3.77,2024-01-24,24,1,2024
1693,1694,327,Gems,4.79,2024-03-11,11,3,2024
1694,1695,235,Subscription,96.63,2024-05-23,23,5,2024
1695,1696,252,Gems,29.26,2024-03-22,22,3,2024
1696,1697,314,Coins,95.09,2024-07-09,9,7,2024
1697,1698,762,Gems,55.54,2024-04-24,24,4,2024
1698,1699,551,Gems,24.84,2024-02-18,18,2,2024
1699,1700,474,Subscription,70.74,2024-06-05,5,6,2024
1700,1701,546,Coins,48.46,2024-06-21,21,6,2024
1701,1702,300,Gems,58.04,2024-03-11,11,3,2024
1702,1703,143,Gems,87.87,2024-08-07,7,8,2024
1703,1704,733,Subscription,51.97,2024-02-09,9,2,2024
1704,1705,692,Subscription,21.99,2024-08-29,29,8,2024
1705,1706,164,Gems,3.48,2024-09-25,25,9,2024
1706,1707,136,Gems,5.69,2024-05-29,29,5,2024
1707,1708,358,Gems,71.44,2024-01-04,4,1,2024
1708,1709,223,Subscription,25.76,2024-04-18,18,4,2024
1709,1710,399,Coins,29.13,2024-06-26,26,6,2024
1710,1711,527,Coins,59.73,2024-03-24,24,3,2024
1711,1712,807,Coins,69.05,2024-04-24,24,4,2024
1712,1713,241,Coins,65.26,2024-02-14,14,2,2024
1713,1714,142,Coins,55.11,2024-05-18,18,5,2024
1714,1715,912,Gems,28.54,2024-03-31,31,3,2024
1715,1716,355,Gems,38.82,2024-03-17,17,3,2024
1716,1717,626,Gems,44.71,2024-02-28,28,2,2024
1717,1718,859,Gems,9.53,2024-07-20,20,7,2024
1718,1719,609,Coins,12.87,2024-06-04,4,6,2024
1719,1720,369,Subscription,54.69,2024-06-19,19,6,2024
1720,1721,627,Subscription,44.37,2024-04-07,7,4,2024
1721,1722,43,Gems,78.29,2024-09-13,13,9,2024
1722,1723,29,Gems,21.46,2024-01-12,12,1,2024
1723,1724,753,Gems,58.7,2024-03-07,7,3,2024
1724,1725,472,Coins,39.07,2024-03-02,2,3,2024
1725,1726,504,Subscription,30.87,2024-04-16,16,4,2024
1726,1727,897,Subscription,18.95,2024-05-04,4,5,2024
1727,1728,955,Subscription,37.85,2024-03-04,4,3,2024
1728,1729,621,Gems,31.71,2024-06-23,23,6,2024
1729,1730,206,Coins,57.88,2024-06-28,28,6,2024
1730,1731,443,Gems,13.63,2024-01-15,15,1,2024
1731,1732,462,Subscription,84.42,2024-01-09,9,1,2024
1732,1733,617,Gems,71.24,2024-07-16,16,7,2024
1733,1734,577,Gems,68.75,2024-09-12,12,9,2024
1734,1735,632,Coins,92.18,2024-09-20,20,9,2024
1735,1736,374,Coins,81.27,2024-03-14,14,3,2024
1736,1737,555,Subscription,92.12,2024-09-14,14,9,2024
1737,1738,124,Gems,16.86,2024-05-23,23,5,2024
1738,1739,505,Subscription,80.03,2024-02-06,6,2,2024
1739,1740,511,Subscription,84.86,2024-01-26,26,1,2024
1740,1741,718,Gems,10.51,2024-09-19,19,9,2024
1741,1742,907,Gems,8.62,2024-06-27,27,6,2024
1742,1743,878,Coins,79.22,2024-01-23,23,1,2024
1743,1744,729,Subscription,30.16,2024-06-02,2,6,2024
1744,1745,709,Gems,3.87,2024-07-14,14,7,2024
1745,1746,633,Subscription,74.92,2024-03-17,17,3,2024
1746,1747,418,Subscription,60.95,2024-01-19,19,1,2024
1747,1748,443,Coins,70.91,2024-07-04,4,7,2024
1748,1749,616,Coins,51.21,2024-08-09,9,8,2024
1749,1750,239,Subscription,21.61,2024-06-03,3,6,2024
1750,1751,215,Coins,89.07,2024-01-07,7,1,2024
1751,1752,331,Gems,41.31,2024-08-20,20,8,2024
1752,1753,357,Gems,66.11,2024-08-07,7,8,2024
1753,1754,721,Subscription,82.7,2024-01-26,26,1,2024
1754,1755,949,Coins,50.6,2024-01-16,16,1,2024
1755,1756,171,Subscription,76.26,2024-05-16,16,5,2024
1756,1757,294,Coins,9.43,2024-01-23,23,1,2024
1757,1758,997,Coins,73.83,2024-07-30,30,7,2024
1758,1759,15,Coins,12.65,2024-09-03,3,9,2024
1759,1760,112,Gems,29.71,2024-02-18,18,2,2024
1760,1761,189,Subscription,52.36,2024-01-15,15,1,2024
1761,1762,532,Coins,13.23,2024-03-22,22,3,2024
1762,1763,599,Gems,53.29,2024-07-24,24,7,2024
1763,1764,555,Gems,6.76,2024-01-05,5,1,2024
1764,1765,603,Coins,1.12,2024-09-01,1,9,2024
1765,1766,967,Subscription,30.28,2024-02-09,9,2,2024
1766,1767,260,Gems,10.09,2024-04-14,14,4,2024
1767,1768,155,Subscription,45.91,2024-03-25,25,3,2024
1768,1769,812,Gems,61.53,2024-09-15,15,9,2024
1769,1770,48,Subscription,50.84,2024-01-07,7,1,2024
1770,1771,237,Coins,2.1,2024-08-17,17,8,2024
1771,1772,894,Gems,56.5,2024-05-30,30,5,2024
1772,1773,123,Subscription,10.57,2024-07-11,11,7,2024
1773,1774,481,Coins,47.9,2024-09-10,10,9,2024
1774,1775,72,Subscription,19.62,2024-04-21,21,4,2024
1775,1776,227,Coins,68.72,2024-05-02,2,5,2024
1776,1777,989,Coins,60.01,2024-02-19,19,2,2024
1777,1778,837,Gems,14.22,2024-07-09,9,7,2024
1778,1779,347,Coins,49.55,2024-06-30,30,6,2024
1779,1780,699,Coins,53.08,2024-05-10,10,5,2024
1780,1781,191,Subscription,68.18,2024-02-14,14,2,2024
1781,1782,963,Gems,27.59,2024-09-28,28,9,2024
1782,1783,240,Gems,16.29,2024-04-07,7,4,2024
1783,1784,479,Subscription,52.6,2024-01-20,20,1,2024
1784,1785,642,Subscription,1.13,2024-05-31,31,5,2024
1785,1786,921,Coins,8.26,2024-04-07,7,4,2024
1786,1787,146,Gems,9.29,2024-03-20,20,3,2024
1787,1788,295,Gems,91.89,2024-04-04,4,4,2024
1788,1789,330,Coins,97.29,2024-05-14,14,5,2024
1789,1790,332,Subscription,95.16,2024-03-04,4,3,2024
1790,1791,704,Gems,20.44,2024-04-27,27,4,2024
1791,1792,472,Coins,23.11,2024-06-18,18,6,2024
1792,1793,93,Subscription,30.06,2024-03-26,26,3,2024
1793,1794,544,Gems,62.44,2024-09-09,9,9,2024
1794,1795,601,Gems,36.89,2024-02-12,12,2,2024
1795,1796,887,Subscription,92.03,2024-05-20,20,5,2024
1796,1797,632,Subscription,31.69,2024-09-01,1,9,2024
1797,1798,479,Gems,86.78,2024-09-07,7,9,2024
1798,1799,11,Subscription,55.64,2024-02-17,17,2,2024
1799,1800,21,Gems,40.96,2024-02-10,10,2,2024
1800,1801,760,Coins,73.12,2024-06-28,28,6,2024
1801,1802,40,Coins,92.24,2024-01-24,24,1,2024
1802,1803,756,Subscription,77.24,2024-02-07,7,2,2024
1803,1804,700,Coins,38.5,2024-02-25,25,2,2024
1804,1805,678,Coins,18.05,2024-05-05,5,5,2024
1805,1806,758,Subscription,56.44,2024-04-25,25,4,2024
1806,1807,164,Gems,22.93,2024-06-11,11,6,2024
1807,1808,259,Coins,7.46,2024-08-27,27,8,2024
1808,1809,815,Gems,4.97,2024-05-09,9,5,2024
1809,1810,142,Subscription,76.48,2024-03-03,3,3,2024
1810,1811,940,Subscription,50.42,2024-01-01,1,1,2024
1811,1812,308,Subscription,87.37,2024-04-19,19,4,2024
1812,1813,459,Coins,1.76,2024-04-14,14,4,2024
1813,1814,335,Gems,24.02,2024-09-29,29,9,2024
1814,1815,58,Coins,56.91,2024-08-05,5,8,2024
1815,1816,714,Subscription,90.9,2024-01-13,13,1,2024
1816,1817,377,Gems,4.13,2024-02-06,6,2,2024
1817,1818,922,Subscription,84.05,2024-02-09,9,2,2024
1818,1819,838,Coins,56.7,2024-02-08,8,2,2024
1819,1820,413,Gems,30.38,2024-05-05,5,5,2024
1820,1821,691,Gems,49.06,2024-03-19,19,3,2024
1821,1822,218,Coins,27.26,2024-04-26,26,4,2024
1822,1823,584,Subscription,87.45,2024-09-07,7,9,2024
1823,1824,399,Gems,87.69,2024-08-22,22,8,2024
1824,1825,389,Coins,47.11,2024-09-06,6,9,2024
1825,1826,603,Subscription,25.6,2024-04-16,16,4,2024
1826,1827,318,Gems,67.87,2024-04-20,20,4,2024
1827,1828,492,Gems,45.93,2024-09-02,2,9,2024
1828,1829,981,Coins,8.35,2024-05-09,9,5,2024
1829,1830,294,Gems,93.78,2024-02-15,15,2,2024
1830,1831,149,Subscription,45.08,2024-02-02,2,2,2024
1831,1832,953,Subscription,85.99,2024-07-04,4,7,2024
1832,1833,527,Subscription,74.11,2024-01-15,15,1,2024
1833,1834,283,Gems,30.36,2024-04-18,18,4,2024
1834,1835,153,Gems,92.27,2024-03-25,25,3,2024
1835,1836,990,Subscription,22.57,2024-02-13,13,2,2024
1836,1837,96,Subscription,56.46,2024-02-08,8,2,2024
1837,1838,100,Coins,76.37,2024-09-05,5,9,2024
1838,1839,786,Coins,47.84,2024-04-05,5,4,2024
1839,1840,695,Subscription,65.78,2024-05-13,13,5,2024
1840,1841,954,Subscription,28.76,2024-08-14,14,8,2024
1841,1842,847,Coins,82.55,2024-07-15,15,7,2024
1842,1843,745,Coins,80.93,2024-04-25,25,4,2024
1843,1844,983,Coins,95.17,2024-09-05,5,9,2024
1844,1845,499,Coins,61.64,2024-09-04,4,9,2024
1845,1846,291,Coins,67.26,2024-07-16,16,7,2024
1846,1847,538,Subscription,60.67,2024-01-17,17,1,2024
1847,1848,848,Gems,98.71,2024-02-15,15,2,2024
1848,1849,182,Gems,89.14,2024-01-28,28,1,2024
1849,1850,112,Gems,53.22,2024-01-24,24,1,2024
1850,1851,679,Gems,76.75,2024-09-29,29,9,2024
1851,1852,553,Coins,75.42,2024-05-05,5,5,2024
1852,1853,22,Subscription,50.14,2024-05-07,7,5,2024
1853,1854,371,Coins,1.52,2024-08-07,7,8,2024
1854,1855,381,Subscription,48.66,2024-02-24,24,2,2024
1855,1856,313,Coins,55.99,2024-09-01,1,9,2024
1856,1857,592,Subscription,15.5,2024-09-25,25,9,2024
1857,1858,626,Coins,46.74,2024-07-17,17,7,2024
1858,1859,20,Coins,34.79,2024-02-11,11,2,2024
1859,1860,170,Subscription,61.6,2024-09-04,4,9,2024
1860,1861,355,Coins,61.54,2024-09-18,18,9,2024
1861,1862,17,Gems,24.13,2024-09-03,3,9,2024
1862,1863,892,Subscription,10.93,2024-09-19,19,9,2024
1863,1864,909,Gems,91.87,2024-01-26,26,1,2024
1864,1865,134,Subscription,78.49,2024-08-25,25,8,2024
1865,1866,785,Subscription,55.97,2024-05-30,30,5,2024
1866,1867,711,Coins,24.57,2024-06-24,24,6,2024
1867,1868,234,Subscription,77.15,2024-07-27,27,7,2024
1868,1869,318,Coins,90.51,2024-09-22,22,9,2024
1869,1870,784,Subscription,9.42,2024-08-14,14,8,2024
1870,1871,15,Coins,29.53,2024-06-30,30,6,2024
1871,1872,453,Coins,32.44,2024-07-18,18,7,2024
1872,1873,56,Coins,48.05,2024-06-24,24,6,2024
1873,1874,971,Gems,86.82,2024-05-08,8,5,2024
1874,1875,141,Coins,36.41,2024-05-03,3,5,2024
1875,1876,523,Subscription,43.05,2024-07-21,21,7,2024
1876,1877,889,Coins,67.17,2024-03-25,25,3,2024
1877,1878,682,Subscription,69.84,2024-04-30,30,4,2024
1878,1879,616,Gems,91.51,2024-06-08,8,6,2024
1879,1880,443,Subscription,54.75,2024-04-20,20,4,2024
1880,1881,553,Subscription,81.83,2024-09-02,2,9,2024
1881,1882,646,Subscription,87.59,2024-03-15,15,3,2024
1882,1883,290,Subscription,47.11,2024-03-01,1,3,2024
1883,1884,82,Coins,91.95,2024-05-23,23,5,2024
1884,1885,667,Gems,17.32,2024-08-12,12,8,2024
1885,1886,538,Gems,48.8,2024-06-19,19,6,2024
1886,1887,969,Gems,63.21,2024-04-16,16,4,2024
1887,1888,238,Gems,63.04,2024-01-18,18,1,2024
1888,1889,485,Gems,55.25,2024-04-07,7,4,2024
1889,1890,239,Subscription,7.09,2024-05-26,26,5,2024
1890,1891,522,Gems,37.51,2024-07-26,26,7,2024
1891,1892,15,Coins,99.5,2024-09-02,2,9,2024
1892,1893,463,Coins,63.78,2024-02-01,1,2,2024
1893,1894,533,Coins,72.64,2024-07-21,21,7,2024
1894,1895,997,Gems,61.36,2024-04-22,22,4,2024
1895,1896,263,Gems,47.52,2024-07-31,31,7,2024
1896,1897,854,Subscription,68.93,2024-07-27,27,7,2024
1897,1898,232,Gems,83.57,2024-06-05,5,6,2024
1898,1899,275,Coins,19.96,2024-02-13,13,2,2024
1899,1900,373,Subscription,92.74,2024-03-22,22,3,2024
1900,1901,417,Gems,15.51,2024-07-03,3,7,2024
1901,1902,440,Gems,1.3,2024-04-30,30,4,2024
1902,1903,22,Gems,83.58,2024-02-23,23,2,2024
1903,1904,75,Subscription,33.54,2024-03-02,2,3,2024
1904,1905,906,Subscription,38.54,2024-07-29,29,7,2024
1905,1906,5,Coins,77.72,2024-01-10,10,1,2024
1906,1907,511,Subscription,79.67,2024-05-03,3,5,2024
1907,1908,268,Coins,66.38,2024-01-07,7,1,2024
1908,1909,572,Coins,87.23,2024-01-29,29,1,2024
1909,1910,82,Gems,74.11,2024-04-21,21,4,2024
1910,1911,752,Coins,30.8,2024-06-23,23,6,2024
1911,1912,872,Subscription,19.32,2024-02-17,17,2,2024
1912,1913,980,Gems,2.68,2024-06-24,24,6,2024
1913,1914,868,Coins,26.86,2024-08-30,30,8,2024
1914,1915,103,Subscription,6.3,2024-07-11,11,7,2024
1915,1916,513,Gems,99.48,2024-01-10,10,1,2024
1916,1917,786,Coins,28.85,2024-03-16,16,3,2024
1917,1918,260,Coins,97.33,2024-05-13,13,5,2024
1918,1919,580,Coins,3.46,2024-06-18,18,6,2024
1919,1920,99,Gems,56.19,2024-09-12,12,9,2024
1920,1921,953,Gems,6.47,2024-01-15,15,1,2024
1921,1922,354,Coins,20.71,2024-03-03,3,3,2024
1922,1923,343,Coins,27.08,2024-08-29,29,8,2024
1923,1924,896,Coins,83.73,2024-09-13,13,9,2024
1924,1925,161,Subscription,14.7,2024-08-27,27,8,2024
1925,1926,900,Subscription,95.33,2024-05-15,15,5,2024
1926,1927,18,Coins,26.54,2024-01-06,6,1,2024
1927,1928,879,Subscription,51.56,2024-04-20,20,4,2024
1928,1929,176,Coins,21.69,2024-01-26,26,1,2024
1929,1930,299,Coins,7.85,2024-08-05,5,8,2024
1930,1931,905,Subscription,48.99,2024-03-18,18,3,2024
1931,1932,80,Coins,23.91,2024-07-24,24,7,2024
1932,1933,520,Subscription,74.59,2024-05-09,9,5,2024
1933,1934,100,Coins,50.55,2024-02-20,20,2,2024
1934,1935,433,Subscription,91.2,2024-06-04,4,6,2024
1935,1936,708,Subscription,70.01,2024-05-10,10,5,2024
1936,1937,289,Gems,48.78,2024-05-29,29,5,2024
1937,1938,241,Gems,65.11,2024-07-24,24,7,2024
1938,1939,379,Subscription,41.98,2024-07-19,19,7,2024
1939,1940,783,Gems,44.54,2024-02-28,28,2,2024
1940,1941,186,Coins,51.22,2024-07-08,8,7,2024
1941,1942,899,Subscription,63.6,2024-06-23,23,6,2024
1942,1943,638,Coins,83.44,2024-03-28,28,3,2024
1943,1944,505,Subscription,88.98,2024-03-15,15,3,2024
1944,1945,455,Coins,33.4,2024-01-02,2,1,2024
1945,1946,540,Subscription,70.16,2024-05-30,30,5,2024
1946,1947,559,Coins,50.34,2024-07-26,26,7,2024
1947,1948,479,Subscription,4.16,2024-03-24,24,3,2024
1948,1949,559,Gems,18.51,2024-05-09,9,5,2024
1949,1950,256,Subscription,77.51,2024-01-27,27,1,2024
1950,1951,580,Subscription,7.52,2024-05-16,16,5,2024
1951,1952,734,Coins,13.72,2024-02-20,20,2,2024
1952,1953,447,Subscription,58.09,2024-04-06,6,4,2024
1953,1954,659,Subscription,89.01,2024-09-05,5,9,2024
1954,1955,148,Subscription,87.21,2024-05-09,9,5,2024
1955,1956,205,Gems,10.52,2024-05-13,13,5,2024
1956,1957,465,Gems,6.35,2024-07-20,20,7,2024
1957,1958,939,Gems,9.04,2024-07-25,25,7,2024
1958,1959,449,Subscription,34.65,2024-06-24,24,6,2024
1959,1960,829,Gems,10.35,2024-03-27,27,3,2024
1960,1961,430,Gems,90.24,2024-04-06,6,4,2024
1961,1962,947,Gems,5.07,2024-04-15,15,4,2024
1962,1963,57,Coins,46.2,2024-04-07,7,4,2024
1963,1964,328,Coins,78.84,2024-09-29,29,9,2024
1964,1965,463,Coins,58.73,2024-08-26,26,8,2024
1965,1966,236,Coins,81.48,2024-05-23,23,5,2024
1966,1967,24,Subscription,26.75,2024-07-31,31,7,2024
1967,1968,533,Subscription,66.19,2024-07-12,12,7,2024
1968,1969,849,Coins,8.88,2024-01-13,13,1,2024
1969,1970,287,Coins,58.08,2024-06-15,15,6,2024
1970,1971,433,Subscription,68.3,2024-04-14,14,4,2024
1971,1972,633,Coins,13.87,2024-07-05,5,7,2024
1972,1973,913,Subscription,87.65,2024-05-17,17,5,2024
1973,1974,243,Gems,46.83,2024-07-23,23,7,2024
1974,1975,349,Subscription,43.31,2024-01-08,8,1,2024
1975,1976,756,Subscription,32.96,2024-04-28,28,4,2024
1976,1977,531,Subscription,74.41,2024-01-18,18,1,2024
1977,1978,599,Gems,19.02,2024-06-09,9,6,2024
1978,1979,153,Coins,90.23,2024-09-14,14,9,2024
1979,1980,791,Coins,32.15,2024-09-04,4,9,2024
1980,1981,410,Coins,28.78,2024-07-26,26,7,2024
1981,1982,588,Subscription,59.22,2024-08-09,9,8,2024
1982,1983,243,Subscription,33.61,2024-09-18,18,9,2024
1983,1984,884,Gems,11.86,2024-04-22,22,4,2024
1984,1985,92,Subscription,83.46,2024-02-20,20,2,2024
1985,1986,84,Subscription,74.5,2024-08-13,13,8,2024
1986,1987,979,Gems,1.93,2024-09-10,10,9,2024
1987,1988,777,Coins,1.28,2024-09-23,23,9,2024
1988,1989,973,Gems,34.2,2024-04-14,14,4,2024
1989,1990,14,Coins,80.64,2024-08-13,13,8,2024
1990,1991,490,Coins,68.33,2024-03-29,29,3,2024
1991,1992,71,Coins,8.53,2024-03-10,10,3,2024
1992,1993,963,Coins,62.37,2024-03-30,30,3,2024
1993,1994,624,Subscription,28.43,2024-08-01,1,8,2024
1994,1995,523,Subscription,51.6,2024-02-05,5,2,2024
1995,1996,978,Coins,43.1,2024-02-05,5,2,2024
1996,1997,19,Subscription,99.37,2024-06-12,12,6,2024
1997,1998,461,Gems,65.31,2024-06-30,30,6,2024
1998,1999,307,Gems,67.29,2024-01-30,30,1,2024
1999,2000,316,Subscription,32.93,2024-01-06,6,1,2024
