,user_id,country,device,signup_date,signup_day,signup_month,signup_year
0,1,CA,iOS,2024-08-15,15,8,2024
1,2,US,iOS,2024-03-31,31,3,2024
2,3,JP,Android,2024-04-26,26,4,2024
3,4,VN,Android,2024-02-24,24,2,2024
4,5,CA,Android,2024-04-02,2,4,2024
5,6,CA,PC,2024-04-25,25,4,2024
6,7,VN,iOS,2024-01-07,7,1,2024
7,8,IN,Android,2024-01-18,18,1,2024
8,9,VN,Android,2024-08-14,14,8,2024
9,10,IN,PC,2024-09-05,5,9,2024
10,11,VN,PC,2024-01-25,25,1,2024
11,12,JP,Android,2024-06-25,25,6,2024
12,13,US,iOS,2024-09-13,13,9,2024
13,14,IN,PC,2024-01-18,18,1,2024
14,15,US,PC,2024-05-22,22,5,2024
15,16,VN,iOS,2024-04-28,28,4,2024
16,17,JP,PC,2024-08-26,26,8,2024
17,18,VN,iOS,2024-03-17,17,3,2024
18,19,CA,Android,2024-09-25,25,9,2024
19,20,VN,iOS,2024-09-04,4,9,2024
20,21,US,PC,2024-08-18,18,8,2024
21,22,IN,PC,2024-07-20,20,7,2024
22,23,US,PC,2024-07-18,18,7,2024
23,24,JP,iOS,2024-04-03,3,4,2024
24,25,IN,iOS,2024-04-14,14,4,2024
25,26,IN,iOS,2024-05-22,22,5,2024
26,27,US,Android,2024-06-11,11,6,2024
27,28,US,PC,2024-02-08,8,2,2024
28,29,US,PC,2024-08-19,19,8,2024
29,30,US,PC,2024-07-10,10,7,2024
30,31,US,iOS,2024-05-24,24,5,2024
31,32,US,PC,2024-08-31,31,8,2024
32,33,US,iOS,2024-01-07,7,1,2024
33,34,US,PC,2024-09-29,29,9,2024
34,35,US,Android,2024-05-13,13,5,2024
35,36,CA,PC,2024-07-12,12,7,2024
36,37,IN,Android,2024-08-09,9,8,2024
37,38,IN,PC,2024-04-03,3,4,2024
38,39,JP,iOS,2024-06-19,19,6,2024
39,40,CA,PC,2024-01-08,8,1,2024
40,41,CA,PC,2024-09-27,27,9,2024
41,42,US,iOS,2024-05-26,26,5,2024
42,43,US,PC,2024-07-28,28,7,2024
43,44,CA,PC,2024-08-25,25,8,2024
44,45,CA,PC,2024-06-11,11,6,2024
45,46,IN,Android,2024-09-06,6,9,2024
46,47,IN,Android,2024-06-23,23,6,2024
47,48,US,Android,2024-09-04,4,9,2024
48,49,VN,Android,2024-07-20,20,7,2024
49,50,CA,PC,2024-01-28,28,1,2024
50,51,VN,iOS,2024-06-01,1,6,2024
51,52,VN,Android,2024-06-18,18,6,2024
52,53,JP,PC,2024-09-18,18,9,2024
53,54,US,Android,2024-04-23,23,4,2024
54,55,VN,iOS,2024-05-14,14,5,2024
55,56,CA,PC,2024-08-26,26,8,2024
56,57,JP,Android,2024-07-04,4,7,2024
57,58,VN,iOS,2024-08-02,2,8,2024
58,59,JP,Android,2024-01-30,30,1,2024
59,60,CA,PC,2024-06-12,12,6,2024
60,61,VN,iOS,2024-04-15,15,4,2024
61,62,CA,PC,2024-02-08,8,2,2024
62,63,IN,iOS,2024-09-24,24,9,2024
63,64,VN,iOS,2024-04-19,19,4,2024
64,65,US,Android,2024-08-30,30,8,2024
65,66,US,Android,2024-08-02,2,8,2024
66,67,US,Android,2024-08-07,7,8,2024
67,68,VN,iOS,2024-06-28,28,6,2024
68,69,CA,iOS,2024-07-02,2,7,2024
69,70,JP,PC,2024-07-27,27,7,2024
70,71,US,Android,2024-08-14,14,8,2024
71,72,JP,iOS,2024-05-25,25,5,2024
72,73,JP,Android,2024-08-14,14,8,2024
73,74,US,iOS,2024-08-13,13,8,2024
74,75,US,Android,2024-01-24,24,1,2024
75,76,IN,PC,2024-02-01,1,2,2024
76,77,JP,Android,2024-04-13,13,4,2024
77,78,US,PC,2024-05-30,30,5,2024
78,79,US,iOS,2024-05-04,4,5,2024
79,80,JP,PC,2024-04-28,28,4,2024
80,81,US,PC,2024-03-10,10,3,2024
81,82,CA,Android,2024-08-06,6,8,2024
82,83,US,Android,2024-08-05,5,8,2024
83,84,IN,iOS,2024-05-18,18,5,2024
84,85,VN,PC,2024-02-27,27,2,2024
85,86,IN,PC,2024-01-11,11,1,2024
86,87,CA,PC,2024-09-04,4,9,2024
87,88,US,iOS,2024-04-08,8,4,2024
88,89,JP,iOS,2024-02-27,27,2,2024
89,90,JP,PC,2024-01-20,20,1,2024
90,91,VN,PC,2024-07-07,7,7,2024
91,92,JP,PC,2024-08-04,4,8,2024
92,93,US,iOS,2024-01-13,13,1,2024
93,94,CA,iOS,2024-04-27,27,4,2024
94,95,US,Android,2024-04-26,26,4,2024
95,96,CA,PC,2024-02-13,13,2,2024
96,97,JP,Android,2024-05-03,3,5,2024
97,98,VN,iOS,2024-07-12,12,7,2024
98,99,IN,PC,2024-09-02,2,9,2024
99,100,VN,Android,2024-02-04,4,2,2024
100,101,CA,iOS,2024-01-18,18,1,2024
101,102,US,PC,2024-09-11,11,9,2024
102,103,IN,PC,2024-09-11,11,9,2024
103,104,JP,iOS,2024-04-03,3,4,2024
104,105,US,iOS,2024-06-28,28,6,2024
105,106,JP,PC,2024-02-11,11,2,2024
106,107,IN,iOS,2024-07-08,8,7,2024
107,108,IN,Android,2024-01-29,29,1,2024
108,109,CA,iOS,2024-07-04,4,7,2024
109,110,US,PC,2024-04-18,18,4,2024
110,111,IN,Android,2024-08-18,18,8,2024
111,112,VN,iOS,2024-03-04,4,3,2024
112,113,VN,iOS,2024-09-12,12,9,2024
113,114,US,PC,2024-09-05,5,9,2024
114,115,CA,Android,2024-01-25,25,1,2024
115,116,CA,PC,2024-04-08,8,4,2024
116,117,IN,iOS,2024-09-04,4,9,2024
117,118,US,Android,2024-09-21,21,9,2024
118,119,IN,Android,2024-02-22,22,2,2024
119,120,US,iOS,2024-05-06,6,5,2024
120,121,IN,iOS,2024-07-16,16,7,2024
121,122,US,PC,2024-08-19,19,8,2024
122,123,CA,iOS,2024-03-05,5,3,2024
123,124,VN,iOS,2024-03-05,5,3,2024
124,125,VN,iOS,2024-06-01,1,6,2024
125,126,CA,PC,2024-08-22,22,8,2024
126,127,US,iOS,2024-04-27,27,4,2024
127,128,JP,iOS,2024-01-26,26,1,2024
128,129,US,PC,2024-07-09,9,7,2024
129,130,CA,Android,2024-02-12,12,2,2024
130,131,US,PC,2024-04-15,15,4,2024
131,132,JP,iOS,2024-09-15,15,9,2024
132,133,US,Android,2024-06-28,28,6,2024
133,134,IN,iOS,2024-09-20,20,9,2024
134,135,JP,PC,2024-07-05,5,7,2024
135,136,CA,PC,2024-03-05,5,3,2024
136,137,CA,PC,2024-08-13,13,8,2024
137,138,JP,Android,2024-04-21,21,4,2024
138,139,CA,Android,2024-09-10,10,9,2024
139,140,VN,iOS,2024-08-02,2,8,2024
140,141,JP,iOS,2024-03-27,27,3,2024
141,142,VN,Android,2024-07-28,28,7,2024
142,143,CA,PC,2024-04-19,19,4,2024
143,144,US,PC,2024-09-23,23,9,2024
144,145,US,Android,2024-04-22,22,4,2024
145,146,VN,iOS,2024-03-21,21,3,2024
146,147,CA,Android,2024-08-25,25,8,2024
147,148,CA,PC,2024-05-04,4,5,2024
148,149,VN,Android,2024-02-15,15,2,2024
149,150,CA,Android,2024-06-21,21,6,2024
150,151,IN,iOS,2024-02-04,4,2,2024
151,152,CA,PC,2024-04-30,30,4,2024
152,153,US,PC,2024-04-14,14,4,2024
153,154,IN,PC,2024-08-19,19,8,2024
154,155,US,iOS,2024-09-01,1,9,2024
155,156,CA,PC,2024-04-08,8,4,2024
156,157,US,iOS,2024-08-14,14,8,2024
157,158,US,iOS,2024-01-03,3,1,2024
158,159,JP,Android,2024-06-17,17,6,2024
159,160,CA,iOS,2024-01-12,12,1,2024
160,161,CA,iOS,2024-07-17,17,7,2024
161,162,IN,PC,2024-07-17,17,7,2024
162,163,CA,iOS,2024-04-08,8,4,2024
163,164,IN,Android,2024-07-11,11,7,2024
164,165,IN,PC,2024-08-17,17,8,2024
165,166,VN,Android,2024-04-10,10,4,2024
166,167,IN,Android,2024-01-01,1,1,2024
167,168,JP,Android,2024-05-11,11,5,2024
168,169,VN,PC,2024-09-20,20,9,2024
169,170,IN,iOS,2024-05-27,27,5,2024
170,171,US,Android,2024-02-09,9,2,2024
171,172,JP,iOS,2024-05-25,25,5,2024
172,173,US,Android,2024-05-23,23,5,2024
173,174,JP,iOS,2024-05-03,3,5,2024
174,175,CA,PC,2024-05-04,4,5,2024
175,176,CA,Android,2024-01-20,20,1,2024
176,177,CA,PC,2024-07-17,17,7,2024
177,178,JP,iOS,2024-03-17,17,3,2024
178,179,JP,Android,2024-07-22,22,7,2024
179,180,VN,PC,2024-08-25,25,8,2024
180,181,IN,iOS,2024-08-16,16,8,2024
181,182,IN,Android,2024-04-01,1,4,2024
182,183,VN,PC,2024-01-09,9,1,2024
183,184,JP,Android,2024-06-26,26,6,2024
184,185,JP,Android,2024-08-27,27,8,2024
185,186,CA,Android,2024-01-23,23,1,2024
186,187,IN,PC,2024-05-23,23,5,2024
187,188,JP,iOS,2024-06-19,19,6,2024
188,189,VN,iOS,2024-04-29,29,4,2024
189,190,US,Android,2024-02-26,26,2,2024
190,191,JP,iOS,2024-06-03,3,6,2024
191,192,JP,Android,2024-09-12,12,9,2024
192,193,JP,Android,2024-01-24,24,1,2024
193,194,IN,iOS,2024-08-07,7,8,2024
194,195,VN,iOS,2024-07-09,9,7,2024
195,196,CA,Android,2024-08-31,31,8,2024
196,197,JP,iOS,2024-06-18,18,6,2024
197,198,US,iOS,2024-07-29,29,7,2024
198,199,JP,Android,2024-06-13,13,6,2024
199,200,US,Android,2024-03-01,1,3,2024
200,201,US,PC,2024-01-21,21,1,2024
201,202,VN,Android,2024-09-27,27,9,2024
202,203,CA,Android,2024-07-07,7,7,2024
203,204,CA,PC,2024-06-19,19,6,2024
204,205,VN,iOS,2024-07-16,16,7,2024
205,206,JP,Android,2024-08-25,25,8,2024
206,207,VN,PC,2024-03-30,30,3,2024
207,208,IN,PC,2024-05-29,29,5,2024
208,209,CA,PC,2024-08-10,10,8,2024
209,210,US,iOS,2024-05-27,27,5,2024
210,211,JP,PC,2024-03-25,25,3,2024
211,212,US,Android,2024-04-26,26,4,2024
212,213,US,PC,2024-08-16,16,8,2024
213,214,IN,Android,2024-09-01,1,9,2024
214,215,VN,PC,2024-01-19,19,1,2024
215,216,VN,PC,2024-01-04,4,1,2024
216,217,IN,iOS,2024-06-06,6,6,2024
217,218,US,Android,2024-08-26,26,8,2024
218,219,VN,iOS,2024-07-11,11,7,2024
219,220,VN,PC,2024-04-25,25,4,2024
220,221,JP,PC,2024-08-04,4,8,2024
221,222,VN,PC,2024-05-08,8,5,2024
222,223,US,iOS,2024-06-25,25,6,2024
223,224,US,iOS,2024-05-07,7,5,2024
224,225,CA,Android,2024-01-25,25,1,2024
225,226,VN,PC,2024-05-18,18,5,2024
226,227,US,PC,2024-02-02,2,2,2024
227,228,IN,PC,2024-01-25,25,1,2024
228,229,IN,PC,2024-07-27,27,7,2024
229,230,JP,Android,2024-02-13,13,2,2024
230,231,IN,iOS,2024-01-17,17,1,2024
231,232,IN,PC,2024-02-08,8,2,2024
232,233,US,Android,2024-05-29,29,5,2024
233,234,JP,Android,2024-06-27,27,6,2024
234,235,US,iOS,2024-07-30,30,7,2024
235,236,CA,PC,2024-03-09,9,3,2024
236,237,IN,iOS,2024-03-29,29,3,2024
237,238,JP,iOS,2024-04-27,27,4,2024
238,239,VN,iOS,2024-01-24,24,1,2024
239,240,IN,iOS,2024-08-01,1,8,2024
240,241,VN,iOS,2024-09-19,19,9,2024
241,242,CA,PC,2024-03-11,11,3,2024
242,243,CA,Android,2024-08-15,15,8,2024
243,244,VN,Android,2024-05-24,24,5,2024
244,245,CA,iOS,2024-04-18,18,4,2024
245,246,JP,iOS,2024-01-30,30,1,2024
246,247,VN,Android,2024-07-27,27,7,2024
247,248,JP,PC,2024-09-28,28,9,2024
248,249,JP,PC,2024-07-14,14,7,2024
249,250,JP,Android,2024-04-03,3,4,2024
250,251,US,iOS,2024-06-13,13,6,2024
251,252,IN,PC,2024-09-30,30,9,2024
252,253,VN,PC,2024-08-01,1,8,2024
253,254,CA,Android,2024-04-09,9,4,2024
254,255,JP,iOS,2024-09-30,30,9,2024
255,256,IN,iOS,2024-09-28,28,9,2024
256,257,IN,PC,2024-01-03,3,1,2024
257,258,JP,iOS,2024-08-02,2,8,2024
258,259,US,PC,2024-03-21,21,3,2024
259,260,JP,iOS,2024-03-05,5,3,2024
260,261,VN,PC,2024-06-09,9,6,2024
261,262,CA,iOS,2024-01-21,21,1,2024
262,263,JP,PC,2024-03-15,15,3,2024
263,264,JP,Android,2024-04-08,8,4,2024
264,265,IN,PC,2024-05-08,8,5,2024
265,266,VN,PC,2024-01-15,15,1,2024
266,267,US,PC,2024-08-19,19,8,2024
267,268,US,PC,2024-05-15,15,5,2024
268,269,US,PC,2024-05-13,13,5,2024
269,270,JP,iOS,2024-09-04,4,9,2024
270,271,IN,PC,2024-04-08,8,4,2024
271,272,US,Android,2024-08-29,29,8,2024
272,273,VN,Android,2024-05-26,26,5,2024
273,274,JP,Android,2024-03-28,28,3,2024
274,275,US,iOS,2024-01-20,20,1,2024
275,276,IN,Android,2024-01-11,11,1,2024
276,277,US,Android,2024-07-18,18,7,2024
277,278,US,Android,2024-08-08,8,8,2024
278,279,IN,Android,2024-02-16,16,2,2024
279,280,CA,iOS,2024-08-30,30,8,2024
280,281,JP,Android,2024-03-31,31,3,2024
281,282,US,PC,2024-08-28,28,8,2024
282,283,IN,iOS,2024-02-13,13,2,2024
283,284,CA,PC,2024-08-18,18,8,2024
284,285,IN,PC,2024-05-07,7,5,2024
285,286,IN,Android,2024-03-27,27,3,2024
286,287,US,Android,2024-02-20,20,2,2024
287,288,US,PC,2024-08-16,16,8,2024
288,289,CA,iOS,2024-09-17,17,9,2024
289,290,US,PC,2024-06-20,20,6,2024
290,291,VN,iOS,2024-05-27,27,5,2024
291,292,IN,iOS,2024-07-29,29,7,2024
292,293,VN,PC,2024-04-27,27,4,2024
293,294,CA,PC,2024-07-21,21,7,2024
294,295,VN,PC,2024-02-01,1,2,2024
295,296,IN,Android,2024-01-13,13,1,2024
296,297,IN,PC,2024-04-23,23,4,2024
297,298,JP,Android,2024-07-19,19,7,2024
298,299,CA,iOS,2024-06-28,28,6,2024
299,300,IN,Android,2024-06-12,12,6,2024
300,301,VN,iOS,2024-06-29,29,6,2024
301,302,IN,Android,2024-06-04,4,6,2024
302,303,IN,PC,2024-06-01,1,6,2024
303,304,IN,PC,2024-05-05,5,5,2024
304,305,IN,Android,2024-05-17,17,5,2024
305,306,IN,Android,2024-03-08,8,3,2024
306,307,US,Android,2024-09-18,18,9,2024
307,308,CA,Android,2024-03-27,27,3,2024
308,309,CA,PC,2024-09-12,12,9,2024
309,310,VN,PC,2024-04-13,13,4,2024
310,311,VN,Android,2024-08-26,26,8,2024
311,312,CA,iOS,2024-01-07,7,1,2024
312,313,US,iOS,2024-05-25,25,5,2024
313,314,JP,Android,2024-03-22,22,3,2024
314,315,CA,Android,2024-04-10,10,4,2024
315,316,US,iOS,2024-03-28,28,3,2024
316,317,CA,iOS,2024-03-10,10,3,2024
317,318,JP,iOS,2024-03-22,22,3,2024
318,319,IN,PC,2024-04-11,11,4,2024
319,320,IN,iOS,2024-06-29,29,6,2024
320,321,VN,Android,2024-05-29,29,5,2024
321,322,US,iOS,2024-05-12,12,5,2024
322,323,VN,Android,2024-03-20,20,3,2024
323,324,US,PC,2024-02-18,18,2,2024
324,325,JP,iOS,2024-06-02,2,6,2024
325,326,VN,Android,2024-09-10,10,9,2024
326,327,JP,iOS,2024-05-15,15,5,2024
327,328,CA,Android,2024-09-26,26,9,2024
328,329,JP,PC,2024-03-14,14,3,2024
329,330,CA,Android,2024-06-06,6,6,2024
330,331,US,iOS,2024-05-03,3,5,2024
331,332,JP,Android,2024-08-26,26,8,2024
332,333,IN,Android,2024-08-09,9,8,2024
333,334,VN,PC,2024-08-09,9,8,2024
334,335,US,Android,2024-05-31,31,5,2024
335,336,JP,iOS,2024-08-25,25,8,2024
336,337,IN,Android,2024-08-05,5,8,2024
337,338,IN,iOS,2024-02-09,9,2,2024
338,339,CA,Android,2024-07-09,9,7,2024
339,340,CA,Android,2024-01-08,8,1,2024
340,341,IN,PC,2024-09-30,30,9,2024
341,342,JP,PC,2024-01-18,18,1,2024
342,343,VN,Android,2024-03-14,14,3,2024
343,344,US,Android,2024-07-28,28,7,2024
344,345,US,Android,2024-03-15,15,3,2024
345,346,VN,Android,2024-05-25,25,5,2024
346,347,VN,iOS,2024-03-16,16,3,2024
347,348,CA,Android,2024-06-23,23,6,2024
348,349,JP,iOS,2024-03-24,24,3,2024
349,350,CA,PC,2024-03-05,5,3,2024
350,351,JP,Android,2024-03-07,7,3,2024
351,352,VN,iOS,2024-04-27,27,4,2024
352,353,JP,Android,2024-01-21,21,1,2024
353,354,CA,PC,2024-01-20,20,1,2024
354,355,JP,iOS,2024-08-22,22,8,2024
355,356,CA,PC,2024-09-11,11,9,2024
356,357,CA,iOS,2024-02-08,8,2,2024
357,358,VN,PC,2024-06-08,8,6,2024
358,359,JP,Android,2024-06-16,16,6,2024
359,360,JP,Android,2024-03-07,7,3,2024
360,361,JP,PC,2024-02-05,5,2,2024
361,362,US,Android,2024-05-15,15,5,2024
362,363,VN,Android,2024-08-27,27,8,2024
363,364,IN,iOS,2024-06-19,19,6,2024
364,365,VN,Android,2024-01-02,2,1,2024
365,366,JP,iOS,2024-04-06,6,4,2024
366,367,IN,Android,2024-03-08,8,3,2024
367,368,US,Android,2024-04-18,18,4,2024
368,369,VN,iOS,2024-03-14,14,3,2024
369,370,VN,Android,2024-04-15,15,4,2024
370,371,IN,iOS,2024-08-28,28,8,2024
371,372,CA,iOS,2024-03-31,31,3,2024
372,373,IN,Android,2024-06-10,10,6,2024
373,374,VN,Android,2024-04-21,21,4,2024
374,375,JP,Android,2024-06-05,5,6,2024
375,376,CA,iOS,2024-05-15,15,5,2024
376,377,IN,iOS,2024-03-24,24,3,2024
377,378,CA,iOS,2024-05-25,25,5,2024
378,379,CA,Android,2024-06-12,12,6,2024
379,380,US,Android,2024-08-01,1,8,2024
380,381,IN,iOS,2024-04-30,30,4,2024
381,382,IN,PC,2024-08-10,10,8,2024
382,383,VN,PC,2024-02-03,3,2,2024
383,384,US,iOS,2024-06-12,12,6,2024
384,385,VN,PC,2024-01-26,26,1,2024
385,386,VN,iOS,2024-02-01,1,2,2024
386,387,IN,PC,2024-04-28,28,4,2024
387,388,JP,iOS,2024-07-06,6,7,2024
388,389,CA,iOS,2024-08-03,3,8,2024
389,390,VN,iOS,2024-05-05,5,5,2024
390,391,US,Android,2024-04-21,21,4,2024
391,392,JP,PC,2024-04-26,26,4,2024
392,393,CA,iOS,2024-09-26,26,9,2024
393,394,CA,Android,2024-05-08,8,5,2024
394,395,VN,Android,2024-03-15,15,3,2024
395,396,VN,PC,2024-08-26,26,8,2024
396,397,JP,iOS,2024-09-12,12,9,2024
397,398,US,PC,2024-02-06,6,2,2024
398,399,JP,PC,2024-09-03,3,9,2024
399,400,US,Android,2024-09-10,10,9,2024
400,401,VN,Android,2024-02-15,15,2,2024
401,402,JP,Android,2024-02-22,22,2,2024
402,403,CA,Android,2024-01-07,7,1,2024
403,404,IN,Android,2024-02-10,10,2,2024
404,405,VN,iOS,2024-03-17,17,3,2024
405,406,US,Android,2024-02-23,23,2,2024
406,407,IN,iOS,2024-03-17,17,3,2024
407,408,VN,PC,2024-05-03,3,5,2024
408,409,VN,iOS,2024-05-19,19,5,2024
409,410,CA,Android,2024-07-04,4,7,2024
410,411,CA,iOS,2024-09-21,21,9,2024
411,412,IN,iOS,2024-01-25,25,1,2024
412,413,JP,Android,2024-01-27,27,1,2024
413,414,CA,Android,2024-07-22,22,7,2024
414,415,US,Android,2024-08-29,29,8,2024
415,416,JP,Android,2024-01-31,31,1,2024
416,417,US,Android,2024-07-04,4,7,2024
417,418,CA,iOS,2024-01-21,21,1,2024
418,419,CA,Android,2024-02-13,13,2,2024
419,420,JP,PC,2024-09-06,6,9,2024
420,421,IN,Android,2024-05-02,2,5,2024
421,422,CA,Android,2024-07-26,26,7,2024
422,423,VN,iOS,2024-01-15,15,1,2024
423,424,VN,iOS,2024-01-29,29,1,2024
424,425,VN,PC,2024-08-15,15,8,2024
425,426,US,PC,2024-07-29,29,7,2024
426,427,JP,PC,2024-06-20,20,6,2024
427,428,VN,iOS,2024-02-29,29,2,2024
428,429,US,iOS,2024-03-02,2,3,2024
429,430,VN,Android,2024-02-29,29,2,2024
430,431,IN,iOS,2024-07-10,10,7,2024
431,432,VN,Android,2024-01-22,22,1,2024
432,433,IN,PC,2024-07-14,14,7,2024
433,434,US,iOS,2024-04-04,4,4,2024
434,435,VN,iOS,2024-02-24,24,2,2024
435,436,IN,iOS,2024-06-26,26,6,2024
436,437,US,Android,2024-09-27,27,9,2024
437,438,IN,Android,2024-02-13,13,2,2024
438,439,US,PC,2024-09-04,4,9,2024
439,440,VN,iOS,2024-09-11,11,9,2024
440,441,JP,iOS,2024-05-23,23,5,2024
441,442,US,Android,2024-02-03,3,2,2024
442,443,IN,Android,2024-03-05,5,3,2024
443,444,JP,Android,2024-02-13,13,2,2024
444,445,CA,PC,2024-07-16,16,7,2024
445,446,CA,Android,2024-04-14,14,4,2024
446,447,VN,iOS,2024-09-12,12,9,2024
447,448,VN,iOS,2024-08-29,29,8,2024
448,449,VN,Android,2024-08-08,8,8,2024
449,450,VN,iOS,2024-03-11,11,3,2024
450,451,CA,Android,2024-01-20,20,1,2024
451,452,US,PC,2024-08-29,29,8,2024
452,453,US,iOS,2024-08-16,16,8,2024
453,454,JP,PC,2024-04-17,17,4,2024
454,455,VN,iOS,2024-07-25,25,7,2024
455,456,VN,PC,2024-01-04,4,1,2024
456,457,US,Android,2024-04-03,3,4,2024
457,458,IN,Android,2024-03-28,28,3,2024
458,459,US,Android,2024-02-28,28,2,2024
459,460,VN,PC,2024-03-26,26,3,2024
460,461,VN,iOS,2024-03-06,6,3,2024
461,462,IN,PC,2024-08-28,28,8,2024
462,463,JP,Android,2024-05-07,7,5,2024
463,464,IN,Android,2024-02-14,14,2,2024
464,465,VN,iOS,2024-01-01,1,1,2024
465,466,JP,iOS,2024-03-13,13,3,2024
466,467,CA,iOS,2024-08-20,20,8,2024
467,468,VN,iOS,2024-06-24,24,6,2024
468,469,IN,Android,2024-05-11,11,5,2024
469,470,CA,PC,2024-09-24,24,9,2024
470,471,VN,PC,2024-02-06,6,2,2024
471,472,US,iOS,2024-05-23,23,5,2024
472,473,US,PC,2024-06-04,4,6,2024
473,474,IN,iOS,2024-08-25,25,8,2024
474,475,VN,Android,2024-04-10,10,4,2024
475,476,CA,Android,2024-05-29,29,5,2024
476,477,US,Android,2024-03-01,1,3,2024
477,478,CA,Android,2024-06-18,18,6,2024
478,479,US,PC,2024-02-21,21,2,2024
479,480,US,iOS,2024-09-16,16,9,2024
480,481,US,PC,2024-05-17,17,5,2024
481,482,VN,iOS,2024-05-07,7,5,2024
482,483,VN,iOS,2024-01-14,14,1,2024
483,484,CA,iOS,2024-04-05,5,4,2024
484,485,JP,PC,2024-05-11,11,5,2024
485,486,JP,Android,2024-02-12,12,2,2024
486,487,US,Android,2024-03-02,2,3,2024
487,488,IN,PC,2024-06-28,28,6,2024
488,489,VN,iOS,2024-08-18,18,8,2024
489,490,VN,PC,2024-08-08,8,8,2024
490,491,VN,iOS,2024-06-07,7,6,2024
491,492,IN,iOS,2024-06-19,19,6,2024
492,493,CA,PC,2024-05-04,4,5,2024
493,494,CA,PC,2024-05-23,23,5,2024
494,495,VN,iOS,2024-09-03,3,9,2024
495,496,US,Android,2024-06-01,1,6,2024
496,497,CA,Android,2024-06-18,18,6,2024
497,498,JP,Android,2024-06-26,26,6,2024
498,499,IN,iOS,2024-06-28,28,6,2024
499,500,IN,Android,2024-08-02,2,8,2024
500,501,VN,Android,2024-07-01,1,7,2024
501,502,US,PC,2024-05-17,17,5,2024
502,503,IN,Android,2024-04-14,14,4,2024
503,504,US,PC,2024-03-13,13,3,2024
504,505,CA,Android,2024-06-11,11,6,2024
505,506,VN,Android,2024-02-02,2,2,2024
506,507,US,iOS,2024-02-03,3,2,2024
507,508,US,Android,2024-02-26,26,2,2024
508,509,VN,iOS,2024-05-10,10,5,2024
509,510,JP,iOS,2024-09-09,9,9,2024
510,511,VN,Android,2024-06-16,16,6,2024
511,512,VN,PC,2024-06-25,25,6,2024
512,513,VN,Android,2024-02-02,2,2,2024
513,514,JP,PC,2024-03-08,8,3,2024
514,515,VN,PC,2024-08-01,1,8,2024
515,516,US,Android,2024-06-28,28,6,2024
516,517,JP,PC,2024-08-01,1,8,2024
517,518,US,iOS,2024-07-24,24,7,2024
518,519,VN,Android,2024-09-13,13,9,2024
519,520,US,iOS,2024-09-25,25,9,2024
520,521,US,PC,2024-08-27,27,8,2024
521,522,IN,Android,2024-07-30,30,7,2024
522,523,CA,Android,2024-05-18,18,5,2024
523,524,VN,Android,2024-09-26,26,9,2024
524,525,US,iOS,2024-05-17,17,5,2024
525,526,CA,iOS,2024-05-14,14,5,2024
526,527,IN,iOS,2024-03-30,30,3,2024
527,528,US,Android,2024-05-18,18,5,2024
528,529,IN,Android,2024-06-16,16,6,2024
529,530,VN,Android,2024-04-25,25,4,2024
530,531,US,iOS,2024-05-08,8,5,2024
531,532,IN,Android,2024-02-09,9,2,2024
532,533,VN,Android,2024-03-05,5,3,2024
533,534,VN,Android,2024-01-08,8,1,2024
534,535,IN,Android,2024-07-14,14,7,2024
535,536,JP,iOS,2024-07-18,18,7,2024
536,537,US,PC,2024-04-23,23,4,2024
537,538,IN,PC,2024-07-30,30,7,2024
538,539,JP,Android,2024-03-20,20,3,2024
539,540,US,PC,2024-01-01,1,1,2024
540,541,CA,Android,2024-07-20,20,7,2024
541,542,JP,Android,2024-05-02,2,5,2024
542,543,IN,iOS,2024-09-25,25,9,2024
543,544,JP,Android,2024-04-03,3,4,2024
544,545,CA,iOS,2024-08-29,29,8,2024
545,546,CA,iOS,2024-03-18,18,3,2024
546,547,IN,PC,2024-06-11,11,6,2024
547,548,CA,iOS,2024-05-28,28,5,2024
548,549,US,Android,2024-07-10,10,7,2024
549,550,US,iOS,2024-02-24,24,2,2024
550,551,JP,PC,2024-05-08,8,5,2024
551,552,US,PC,2024-05-21,21,5,2024
552,553,CA,iOS,2024-08-13,13,8,2024
553,554,IN,Android,2024-07-14,14,7,2024
554,555,US,PC,2024-09-10,10,9,2024
555,556,US,iOS,2024-02-27,27,2,2024
556,557,IN,iOS,2024-03-29,29,3,2024
557,558,VN,iOS,2024-02-25,25,2,2024
558,559,IN,iOS,2024-02-13,13,2,2024
559,560,VN,PC,2024-06-20,20,6,2024
560,561,VN,PC,2024-05-07,7,5,2024
561,562,VN,iOS,2024-02-05,5,2,2024
562,563,VN,iOS,2024-08-01,1,8,2024
563,564,JP,Android,2024-01-13,13,1,2024
564,565,US,iOS,2024-05-28,28,5,2024
565,566,US,iOS,2024-02-25,25,2,2024
566,567,JP,Android,2024-08-12,12,8,2024
567,568,CA,Android,2024-07-24,24,7,2024
568,569,US,Android,2024-08-16,16,8,2024
569,570,IN,PC,2024-08-08,8,8,2024
570,571,US,Android,2024-03-29,29,3,2024
571,572,US,iOS,2024-08-05,5,8,2024
572,573,CA,iOS,2024-07-21,21,7,2024
573,574,IN,Android,2024-01-05,5,1,2024
574,575,CA,iOS,2024-09-20,20,9,2024
575,576,VN,PC,2024-09-27,27,9,2024
576,577,VN,Android,2024-02-02,2,2,2024
577,578,IN,PC,2024-07-20,20,7,2024
578,579,US,iOS,2024-06-27,27,6,2024
579,580,CA,PC,2024-07-22,22,7,2024
580,581,VN,Android,2024-03-19,19,3,2024
581,582,US,Android,2024-03-18,18,3,2024
582,583,VN,PC,2024-06-17,17,6,2024
583,584,US,PC,2024-09-10,10,9,2024
584,585,JP,Android,2024-02-29,29,2,2024
585,586,JP,Android,2024-05-25,25,5,2024
586,587,IN,Android,2024-03-27,27,3,2024
587,588,CA,Android,2024-09-15,15,9,2024
588,589,CA,iOS,2024-05-08,8,5,2024
589,590,US,Android,2024-01-13,13,1,2024
590,591,US,iOS,2024-07-02,2,7,2024
591,592,VN,Android,2024-02-13,13,2,2024
592,593,US,PC,2024-07-22,22,7,2024
593,594,IN,Android,2024-01-20,20,1,2024
594,595,JP,iOS,2024-09-21,21,9,2024
595,596,US,Android,2024-07-20,20,7,2024
596,597,VN,PC,2024-07-26,26,7,2024
597,598,VN,PC,2024-06-22,22,6,2024
598,599,JP,iOS,2024-06-28,28,6,2024
599,600,US,PC,2024-06-17,17,6,2024
600,601,CA,iOS,2024-03-02,2,3,2024
601,602,CA,iOS,2024-07-13,13,7,2024
602,603,US,iOS,2024-06-15,15,6,2024
603,604,IN,PC,2024-09-29,29,9,2024
604,605,IN,Android,2024-01-02,2,1,2024
605,606,VN,iOS,2024-07-17,17,7,2024
606,607,VN,Android,2024-08-15,15,8,2024
607,608,US,PC,2024-08-07,7,8,2024
608,609,JP,Android,2024-04-21,21,4,2024
609,610,JP,Android,2024-03-27,27,3,2024
610,611,CA,PC,2024-01-12,12,1,2024
611,612,VN,PC,2024-02-22,22,2,2024
612,613,VN,PC,2024-02-25,25,2,2024
613,614,IN,PC,2024-02-29,29,2,2024
614,615,IN,Android,2024-02-03,3,2,2024
615,616,US,iOS,2024-05-19,19,5,2024
616,617,CA,Android,2024-07-22,22,7,2024
617,618,VN,Android,2024-06-17,17,6,2024
618,619,CA,PC,2024-03-09,9,3,2024
619,620,US,PC,2024-05-18,18,5,2024
620,621,CA,PC,2024-08-16,16,8,2024
621,622,VN,PC,2024-01-29,29,1,2024
622,623,IN,Android,2024-05-03,3,5,2024
623,624,VN,Android,2024-01-08,8,1,2024
624,625,CA,iOS,2024-08-21,21,8,2024
625,626,US,Android,2024-03-28,28,3,2024
626,627,JP,Android,2024-03-07,7,3,2024
627,628,IN,Android,2024-04-16,16,4,2024
628,629,JP,PC,2024-06-06,6,6,2024
629,630,US,iOS,2024-06-17,17,6,2024
630,631,CA,Android,2024-07-03,3,7,2024
631,632,VN,PC,2024-04-24,24,4,2024
632,633,IN,iOS,2024-09-10,10,9,2024
633,634,US,Android,2024-09-27,27,9,2024
634,635,JP,iOS,2024-07-28,28,7,2024
635,636,VN,PC,2024-06-21,21,6,2024
636,637,IN,PC,2024-01-24,24,1,2024
637,638,IN,iOS,2024-01-28,28,1,2024
638,639,CA,iOS,2024-05-13,13,5,2024
639,640,CA,PC,2024-08-27,27,8,2024
640,641,US,PC,2024-09-18,18,9,2024
641,642,JP,Android,2024-05-30,30,5,2024
642,643,US,Android,2024-01-26,26,1,2024
643,644,VN,Android,2024-09-11,11,9,2024
644,645,JP,Android,2024-09-04,4,9,2024
645,646,IN,PC,2024-07-25,25,7,2024
646,647,IN,PC,2024-07-06,6,7,2024
647,648,JP,PC,2024-08-15,15,8,2024
648,649,JP,PC,2024-06-05,5,6,2024
649,650,VN,iOS,2024-08-02,2,8,2024
650,651,JP,iOS,2024-05-09,9,5,2024
651,652,US,Android,2024-04-20,20,4,2024
652,653,IN,PC,2024-01-11,11,1,2024
653,654,VN,iOS,2024-06-05,5,6,2024
654,655,US,PC,2024-06-24,24,6,2024
655,656,VN,PC,2024-09-23,23,9,2024
656,657,IN,Android,2024-02-02,2,2,2024
657,658,IN,iOS,2024-05-04,4,5,2024
658,659,US,PC,2024-01-24,24,1,2024
659,660,CA,iOS,2024-05-02,2,5,2024
660,661,IN,PC,2024-08-12,12,8,2024
661,662,VN,PC,2024-02-26,26,2,2024
662,663,CA,Android,2024-08-20,20,8,2024
663,664,CA,PC,2024-07-10,10,7,2024
664,665,IN,PC,2024-02-21,21,2,2024
665,666,CA,Android,2024-08-05,5,8,2024
666,667,IN,iOS,2024-01-20,20,1,2024
667,668,IN,Android,2024-09-05,5,9,2024
668,669,US,PC,2024-05-20,20,5,2024
669,670,JP,Android,2024-03-04,4,3,2024
670,671,US,iOS,2024-01-05,5,1,2024
671,672,JP,iOS,2024-05-27,27,5,2024
672,673,VN,Android,2024-02-22,22,2,2024
673,674,CA,PC,2024-08-17,17,8,2024
674,675,CA,iOS,2024-02-19,19,2,2024
675,676,US,PC,2024-03-04,4,3,2024
676,677,JP,PC,2024-04-03,3,4,2024
677,678,CA,Android,2024-05-05,5,5,2024
678,679,CA,iOS,2024-02-16,16,2,2024
679,680,JP,PC,2024-04-12,12,4,2024
680,681,IN,PC,2024-06-29,29,6,2024
681,682,VN,Android,2024-02-24,24,2,2024
682,683,VN,iOS,2024-04-24,24,4,2024
683,684,JP,Android,2024-04-23,23,4,2024
684,685,US,PC,2024-08-11,11,8,2024
685,686,US,Android,2024-03-02,2,3,2024
686,687,JP,Android,2024-02-26,26,2,2024
687,688,IN,iOS,2024-09-15,15,9,2024
688,689,US,iOS,2024-03-22,22,3,2024
689,690,VN,Android,2024-01-04,4,1,2024
690,691,IN,PC,2024-02-24,24,2,2024
691,692,CA,PC,2024-07-22,22,7,2024
692,693,IN,iOS,2024-08-14,14,8,2024
693,694,VN,PC,2024-06-06,6,6,2024
694,695,US,Android,2024-02-18,18,2,2024
695,696,VN,iOS,2024-04-17,17,4,2024
696,697,CA,Android,2024-01-17,17,1,2024
697,698,CA,iOS,2024-06-24,24,6,2024
698,699,VN,Android,2024-07-06,6,7,2024
699,700,US,Android,2024-07-20,20,7,2024
700,701,JP,PC,2024-05-24,24,5,2024
701,702,JP,PC,2024-06-07,7,6,2024
702,703,IN,Android,2024-02-18,18,2,2024
703,704,VN,Android,2024-02-07,7,2,2024
704,705,IN,PC,2024-09-26,26,9,2024
705,706,VN,PC,2024-05-12,12,5,2024
706,707,JP,iOS,2024-06-04,4,6,2024
707,708,VN,Android,2024-07-04,4,7,2024
708,709,CA,Android,2024-06-20,20,6,2024
709,710,CA,iOS,2024-01-30,30,1,2024
710,711,IN,Android,2024-02-21,21,2,2024
711,712,US,iOS,2024-02-24,24,2,2024
712,713,JP,PC,2024-02-01,1,2,2024
713,714,VN,PC,2024-05-19,19,5,2024
714,715,JP,iOS,2024-01-30,30,1,2024
715,716,IN,PC,2024-06-09,9,6,2024
716,717,JP,PC,2024-03-17,17,3,2024
717,718,CA,PC,2024-07-28,28,7,2024
718,719,US,PC,2024-06-24,24,6,2024
719,720,US,Android,2024-02-11,11,2,2024
720,721,JP,Android,2024-03-12,12,3,2024
721,722,JP,iOS,2024-09-09,9,9,2024
722,723,US,Android,2024-06-09,9,6,2024
723,724,CA,PC,2024-09-24,24,9,2024
724,725,US,iOS,2024-01-28,28,1,2024
725,726,CA,iOS,2024-01-20,20,1,2024
726,727,US,Android,2024-08-13,13,8,2024
727,728,JP,iOS,2024-08-06,6,8,2024
728,729,JP,iOS,2024-04-20,20,4,2024
729,730,VN,PC,2024-02-14,14,2,2024
730,731,IN,iOS,2024-05-31,31,5,2024
731,732,IN,iOS,2024-04-26,26,4,2024
732,733,JP,Android,2024-06-16,16,6,2024
733,734,IN,iOS,2024-06-28,28,6,2024
734,735,US,Android,2024-06-05,5,6,2024
735,736,IN,PC,2024-07-13,13,7,2024
736,737,CA,PC,2024-08-08,8,8,2024
737,738,JP,PC,2024-08-07,7,8,2024
738,739,IN,PC,2024-07-11,11,7,2024
739,740,US,iOS,2024-03-07,7,3,2024
740,741,JP,iOS,2024-07-16,16,7,2024
741,742,US,PC,2024-08-23,23,8,2024
742,743,US,iOS,2024-07-14,14,7,2024
743,744,IN,Android,2024-03-29,29,3,2024
744,745,CA,Android,2024-07-22,22,7,2024
745,746,IN,Android,2024-05-30,30,5,2024
746,747,US,PC,2024-08-25,25,8,2024
747,748,VN,iOS,2024-01-19,19,1,2024
748,749,CA,iOS,2024-07-28,28,7,2024
749,750,JP,Android,2024-03-29,29,3,2024
750,751,VN,Android,2024-05-08,8,5,2024
751,752,VN,Android,2024-05-29,29,5,2024
752,753,JP,Android,2024-06-18,18,6,2024
753,754,VN,PC,2024-01-06,6,1,2024
754,755,VN,iOS,2024-07-28,28,7,2024
755,756,CA,Android,2024-07-25,25,7,2024
756,757,US,Android,2024-09-27,27,9,2024
757,758,IN,iOS,2024-07-27,27,7,2024
758,759,JP,PC,2024-09-07,7,9,2024
759,760,VN,Android,2024-06-29,29,6,2024
760,761,VN,PC,2024-05-22,22,5,2024
761,762,CA,Android,2024-03-30,30,3,2024
762,763,IN,Android,2024-04-17,17,4,2024
763,764,IN,PC,2024-02-27,27,2,2024
764,765,US,PC,2024-09-09,9,9,2024
765,766,JP,PC,2024-05-21,21,5,2024
766,767,VN,Android,2024-05-03,3,5,2024
767,768,IN,Android,2024-04-02,2,4,2024
768,769,US,PC,2024-04-14,14,4,2024
769,770,US,Android,2024-07-26,26,7,2024
770,771,JP,PC,2024-02-21,21,2,2024
771,772,JP,PC,2024-09-25,25,9,2024
772,773,CA,Android,2024-02-06,6,2,2024
773,774,IN,PC,2024-01-28,28,1,2024
774,775,VN,Android,2024-07-28,28,7,2024
775,776,IN,iOS,2024-02-17,17,2,2024
776,777,IN,Android,2024-07-27,27,7,2024
777,778,IN,PC,2024-05-11,11,5,2024
778,779,US,Android,2024-07-24,24,7,2024
779,780,VN,iOS,2024-09-03,3,9,2024
780,781,CA,iOS,2024-06-04,4,6,2024
781,782,JP,iOS,2024-06-15,15,6,2024
782,783,CA,iOS,2024-01-05,5,1,2024
783,784,US,Android,2024-09-29,29,9,2024
784,785,VN,PC,2024-09-30,30,9,2024
785,786,JP,Android,2024-02-28,28,2,2024
786,787,CA,PC,2024-08-03,3,8,2024
787,788,VN,PC,2024-08-06,6,8,2024
788,789,US,Android,2024-06-07,7,6,2024
789,790,VN,PC,2024-01-18,18,1,2024
790,791,VN,Android,2024-02-27,27,2,2024
791,792,CA,Android,2024-07-16,16,7,2024
792,793,VN,PC,2024-08-23,23,8,2024
793,794,JP,iOS,2024-01-18,18,1,2024
794,795,CA,iOS,2024-03-08,8,3,2024
795,796,CA,iOS,2024-09-11,11,9,2024
796,797,CA,PC,2024-09-22,22,9,2024
797,798,CA,iOS,2024-01-02,2,1,2024
798,799,VN,Android,2024-01-06,6,1,2024
799,800,JP,iOS,2024-05-10,10,5,2024
800,801,US,Android,2024-02-28,28,2,2024
801,802,US,iOS,2024-08-15,15,8,2024
802,803,IN,iOS,2024-07-28,28,7,2024
803,804,VN,Android,2024-09-03,3,9,2024
804,805,IN,Android,2024-09-14,14,9,2024
805,806,CA,iOS,2024-06-17,17,6,2024
806,807,JP,Android,2024-05-14,14,5,2024
807,808,VN,Android,2024-09-03,3,9,2024
808,809,US,iOS,2024-03-06,6,3,2024
809,810,IN,Android,2024-02-12,12,2,2024
810,811,US,iOS,2024-02-21,21,2,2024
811,812,US,iOS,2024-07-13,13,7,2024
812,813,CA,Android,2024-05-08,8,5,2024
813,814,US,iOS,2024-01-17,17,1,2024
814,815,VN,iOS,2024-09-21,21,9,2024
815,816,IN,PC,2024-01-11,11,1,2024
816,817,CA,iOS,2024-07-06,6,7,2024
817,818,CA,iOS,2024-08-23,23,8,2024
818,819,VN,Android,2024-06-13,13,6,2024
819,820,CA,iOS,2024-04-27,27,4,2024
820,821,IN,iOS,2024-04-19,19,4,2024
821,822,US,Android,2024-07-21,21,7,2024
822,823,US,PC,2024-02-16,16,2,2024
823,824,JP,Android,2024-09-23,23,9,2024
824,825,JP,Android,2024-07-06,6,7,2024
825,826,CA,iOS,2024-02-09,9,2,2024
826,827,JP,PC,2024-01-13,13,1,2024
827,828,US,iOS,2024-05-18,18,5,2024
828,829,IN,PC,2024-08-03,3,8,2024
829,830,US,iOS,2024-07-16,16,7,2024
830,831,VN,Android,2024-02-22,22,2,2024
831,832,IN,PC,2024-08-13,13,8,2024
832,833,CA,PC,2024-02-23,23,2,2024
833,834,VN,iOS,2024-02-02,2,2,2024
834,835,JP,Android,2024-05-09,9,5,2024
835,836,VN,PC,2024-07-05,5,7,2024
836,837,IN,PC,2024-07-15,15,7,2024
837,838,IN,Android,2024-08-11,11,8,2024
838,839,IN,iOS,2024-05-25,25,5,2024
839,840,IN,Android,2024-01-19,19,1,2024
840,841,US,iOS,2024-06-02,2,6,2024
841,842,US,PC,2024-02-09,9,2,2024
842,843,JP,iOS,2024-04-25,25,4,2024
843,844,VN,iOS,2024-08-30,30,8,2024
844,845,IN,PC,2024-09-10,10,9,2024
845,846,JP,PC,2024-09-02,2,9,2024
846,847,CA,Android,2024-06-15,15,6,2024
847,848,IN,iOS,2024-06-23,23,6,2024
848,849,JP,Android,2024-09-01,1,9,2024
849,850,JP,PC,2024-09-03,3,9,2024
850,851,JP,Android,2024-07-31,31,7,2024
851,852,IN,Android,2024-06-21,21,6,2024
852,853,JP,PC,2024-03-05,5,3,2024
853,854,JP,PC,2024-09-13,13,9,2024
854,855,VN,PC,2024-07-31,31,7,2024
855,856,US,iOS,2024-05-27,27,5,2024
856,857,IN,Android,2024-03-08,8,3,2024
857,858,JP,iOS,2024-02-07,7,2,2024
858,859,JP,Android,2024-08-25,25,8,2024
859,860,US,PC,2024-05-11,11,5,2024
860,861,IN,iOS,2024-02-17,17,2,2024
861,862,IN,Android,2024-04-10,10,4,2024
862,863,VN,iOS,2024-04-04,4,4,2024
863,864,JP,Android,2024-05-27,27,5,2024
864,865,IN,iOS,2024-06-02,2,6,2024
865,866,CA,PC,2024-08-09,9,8,2024
866,867,US,iOS,2024-07-29,29,7,2024
867,868,CA,iOS,2024-07-15,15,7,2024
868,869,CA,Android,2024-09-15,15,9,2024
869,870,US,Android,2024-07-29,29,7,2024
870,871,US,Android,2024-02-08,8,2,2024
871,872,CA,Android,2024-08-16,16,8,2024
872,873,JP,Android,2024-07-25,25,7,2024
873,874,CA,PC,2024-05-21,21,5,2024
874,875,CA,iOS,2024-03-17,17,3,2024
875,876,US,iOS,2024-09-28,28,9,2024
876,877,US,iOS,2024-08-17,17,8,2024
877,878,VN,Android,2024-06-23,23,6,2024
878,879,VN,Android,2024-02-15,15,2,2024
879,880,CA,Android,2024-05-09,9,5,2024
880,881,JP,Android,2024-02-10,10,2,2024
881,882,VN,iOS,2024-02-17,17,2,2024
882,883,IN,PC,2024-02-16,16,2,2024
883,884,JP,PC,2024-08-21,21,8,2024
884,885,JP,iOS,2024-06-03,3,6,2024
885,886,JP,Android,2024-05-30,30,5,2024
886,887,US,Android,2024-06-06,6,6,2024
887,888,US,PC,2024-06-15,15,6,2024
888,889,JP,iOS,2024-03-16,16,3,2024
889,890,US,PC,2024-01-15,15,1,2024
890,891,CA,PC,2024-02-20,20,2,2024
891,892,CA,PC,2024-05-03,3,5,2024
892,893,CA,iOS,2024-08-29,29,8,2024
893,894,VN,iOS,2024-09-14,14,9,2024
894,895,VN,PC,2024-08-11,11,8,2024
895,896,IN,iOS,2024-09-16,16,9,2024
896,897,JP,iOS,2024-04-05,5,4,2024
897,898,CA,iOS,2024-09-23,23,9,2024
898,899,IN,iOS,2024-09-01,1,9,2024
899,900,JP,PC,2024-03-08,8,3,2024
900,901,US,PC,2024-03-10,10,3,2024
901,902,JP,iOS,2024-06-07,7,6,2024
902,903,US,Android,2024-06-03,3,6,2024
903,904,VN,PC,2024-07-24,24,7,2024
904,905,VN,Android,2024-09-26,26,9,2024
905,906,CA,Android,2024-07-27,27,7,2024
906,907,IN,iOS,2024-05-21,21,5,2024
907,908,IN,PC,2024-02-19,19,2,2024
908,909,JP,Android,2024-07-20,20,7,2024
909,910,IN,PC,2024-02-07,7,2,2024
910,911,US,iOS,2024-07-16,16,7,2024
911,912,JP,Android,2024-04-20,20,4,2024
912,913,JP,PC,2024-07-20,20,7,2024
913,914,CA,PC,2024-01-04,4,1,2024
914,915,VN,PC,2024-04-04,4,4,2024
915,916,US,PC,2024-03-21,21,3,2024
916,917,IN,iOS,2024-03-30,30,3,2024
917,918,US,Android,2024-07-22,22,7,2024
918,919,JP,iOS,2024-06-20,20,6,2024
919,920,IN,iOS,2024-06-29,29,6,2024
920,921,CA,Android,2024-03-11,11,3,2024
921,922,IN,Android,2024-09-25,25,9,2024
922,923,VN,iOS,2024-05-15,15,5,2024
923,924,CA,PC,2024-01-10,10,1,2024
924,925,US,iOS,2024-01-05,5,1,2024
925,926,US,Android,2024-04-30,30,4,2024
926,927,CA,Android,2024-07-01,1,7,2024
927,928,IN,Android,2024-04-06,6,4,2024
928,929,US,iOS,2024-03-03,3,3,2024
929,930,VN,PC,2024-04-05,5,4,2024
930,931,CA,Android,2024-01-20,20,1,2024
931,932,JP,iOS,2024-01-06,6,1,2024
932,933,US,Android,2024-03-10,10,3,2024
933,934,IN,Android,2024-06-20,20,6,2024
934,935,JP,PC,2024-03-13,13,3,2024
935,936,VN,iOS,2024-05-01,1,5,2024
936,937,VN,Android,2024-08-15,15,8,2024
937,938,JP,Android,2024-01-22,22,1,2024
938,939,CA,iOS,2024-09-04,4,9,2024
939,940,VN,PC,2024-04-26,26,4,2024
940,941,CA,iOS,2024-03-19,19,3,2024
941,942,IN,iOS,2024-01-24,24,1,2024
942,943,VN,PC,2024-08-01,1,8,2024
943,944,JP,Android,2024-07-06,6,7,2024
944,945,CA,iOS,2024-05-07,7,5,2024
945,946,US,iOS,2024-05-06,6,5,2024
946,947,JP,iOS,2024-08-21,21,8,2024
947,948,US,iOS,2024-01-15,15,1,2024
948,949,CA,PC,2024-04-29,29,4,2024
949,950,IN,Android,2024-08-03,3,8,2024
950,951,VN,PC,2024-03-26,26,3,2024
951,952,JP,Android,2024-02-05,5,2,2024
952,953,IN,Android,2024-05-22,22,5,2024
953,954,IN,PC,2024-09-06,6,9,2024
954,955,IN,Android,2024-06-23,23,6,2024
955,956,JP,iOS,2024-05-31,31,5,2024
956,957,US,Android,2024-02-06,6,2,2024
957,958,JP,Android,2024-07-13,13,7,2024
958,959,IN,iOS,2024-06-17,17,6,2024
959,960,JP,PC,2024-01-08,8,1,2024
960,961,VN,PC,2024-02-18,18,2,2024
961,962,JP,iOS,2024-07-29,29,7,2024
962,963,VN,Android,2024-06-10,10,6,2024
963,964,CA,PC,2024-01-08,8,1,2024
964,965,JP,PC,2024-03-12,12,3,2024
965,966,JP,iOS,2024-04-23,23,4,2024
966,967,VN,PC,2024-01-22,22,1,2024
967,968,CA,PC,2024-03-16,16,3,2024
968,969,IN,PC,2024-07-22,22,7,2024
969,970,IN,PC,2024-04-23,23,4,2024
970,971,JP,iOS,2024-03-23,23,3,2024
971,972,VN,Android,2024-02-12,12,2,2024
972,973,US,Android,2024-07-12,12,7,2024
973,974,IN,PC,2024-04-16,16,4,2024
974,975,JP,iOS,2024-08-08,8,8,2024
975,976,VN,Android,2024-06-24,24,6,2024
976,977,IN,PC,2024-05-12,12,5,2024
977,978,US,PC,2024-04-09,9,4,2024
978,979,IN,Android,2024-02-26,26,2,2024
979,980,VN,Android,2024-08-08,8,8,2024
980,981,US,PC,2024-04-26,26,4,2024
981,982,CA,PC,2024-07-20,20,7,2024
982,983,JP,PC,2024-01-12,12,1,2024
983,984,VN,PC,2024-06-29,29,6,2024
984,985,JP,iOS,2024-02-09,9,2,2024
985,986,IN,Android,2024-03-29,29,3,2024
986,987,JP,PC,2024-01-06,6,1,2024
987,988,IN,Android,2024-01-08,8,1,2024
988,989,VN,Android,2024-08-24,24,8,2024
989,990,US,Android,2024-04-11,11,4,2024
990,991,VN,iOS,2024-04-10,10,4,2024
991,992,US,Android,2024-05-05,5,5,2024
992,993,CA,PC,2024-05-24,24,5,2024
993,994,IN,iOS,2024-07-02,2,7,2024
994,995,US,iOS,2024-06-14,14,6,2024
995,996,CA,iOS,2024-07-10,10,7,2024
996,997,US,PC,2024-09-25,25,9,2024
997,998,CA,iOS,2024-04-21,21,4,2024
998,999,VN,iOS,2024-08-16,16,8,2024
999,1000,CA,PC,2024-07-12,12,7,2024